ID;AÃ‘O;NT1_1;NT1_2;NT1_3;NT1_4;NT2_1;NT2_2;NT2_3;NT2_4;NT2_5;NT3;NT3_1;NT3_2;NT3_3;NT4_1;NT4_2;NT4_3;NT5_1;NT5_2;NT5_3;NT5_4;NT5_5;NT5_6;NT5_7;NT5_8;NT5_9;NT5_10;NT5_11;NT5_12;EDAD;SEXO;GRUPO_DE_EDAD;ZONA;PONDERA
199;2014;2;1;1;1;2;2;1;2;1;1;1;2;8;2;17;15;1;2;3;4;6;8;9;10;12;14; ; ;28;1;3;1;1484.53991849579
1;2014;2;1;1;2;2;2;1;2;1;1;1;2;8;4;2;1;2;3;4;5;7;9;10;11;14;15; ; ;26;1;3;1;237.865864135882
5;2014;2;1;1;2;2;2;1;2;1;1;1;8;4;1;17;2;3;4;6;8;10;11;12;14;15; ; ; ;28;1;3;1;237.865864135882
7;2014;1;1;1;1;2;2;1;1;1;1;1;8;4;2;1; ;2;4;5;6;7;8;9;10;11;12;14; ;25;1;3;1;471.06769172008
9;2014;1;2;1;1;1;2;1;1;2;1;1;4;8;2;1;6;3;4;5;6;7;8;10;12;14;15; ; ;27;1;3;1;471.06769172008
11;2014;1;1;1;1;1;2;1;1;2;1;1;8;4;1;3; ;1;2;3;4;7;9;10;11;13;14;15; ;19;1;1;1;350.305190742688
16;2014;1;1;1;2;1;2;1;1;1;1;1;8;4;18;1;6;1;2;3;4;5;7;8;10;11;13;14; ;20;1;2;1;744.479114859636
17;2014;1;2;1;2;2;2;1;1;2;1;1;2;4;2; ; ;2;3;4;10;11;13;14; ; ; ; ; ;23;1;2;1;744.479114859636
20;2014;1;1;1;1;2;2;1;1;1;1;1;2;8;9;2;8;2;3;4;5;6;7;8;10;13;14; ; ;24;1;2;1;744.479114859636
23;2014;2;1;1;1;2;2;1;2;1;1;1;2;8;5;2; ;1;2;3;4;5;7;8;10;12;13;14; ;29;1;3;1;792.886213786273
28;2014;1;1;1;1;2;2;1;1;1;1;1;2;4;1;2;6;4;5;9;14; ; ; ; ; ; ; ; ;26;1;3;1;1180.00124757604
32;2014;1;2;1;2;2;2;1;2;2;1;1;4;8;2;3;6;1;3;7;8;9;14; ; ; ; ; ; ;16;1;1;1;901.966908447709
35;2014;2;1;1;1;1;2;1;2;1;1;1;4; ;1;6;14;3;5;9;10;15; ; ; ; ; ; ; ;17;1;1;1;901.966908447709
38;2014;1;2;1;2;1;1;2;1;2;1;2; ; ;1; ; ;10; ; ; ; ; ; ; ; ; ; ; ;29;1;3;1;578.340532408811
40;2014;1;1;1;2;1;1;2;1;2;1;1; ; ;1;2;4;3;4;5;7;8;10;11;14;15; ; ; ;22;1;2;1;603.368694396045
43;2014;1;1;1;1;1;1;2;1;1;1;1; ; ;1;2;4;1;2;3;4;5;6;7;8;10;11;12;13;25;1;3;1;1016.7599682671
46;2014;1;2;1;1;2;2;1;1;2;1;8; ;2;6;2;4;3;4;7;9;10; ; ; ; ; ; ; ;18;1;1;1;314.447179091862
48;2014;1;1;1;1;2;2;1;1;1;1;1;8; ;1;5;6;4;5;10; ; ; ; ; ; ; ; ; ;23;1;2;1;554.709928718945
51;2014;1;1;1;2;2;2;2;1;1;1;1;6;4;1;5;6;4;5;9;10;11; ; ; ; ; ; ; ;20;1;2;1;1513.28761255782
52;2014;1;2;1;2;2;2;1;1;2;1;1;2;6;1;3;4;4;7;10; ; ; ; ; ; ; ; ; ;18;1;1;1;857.833971031307
54;2014;2;1;2;2;2;1;2;2;2;2; ; ; ; ; ; ; ; ; ; ; ; ; ; ; ; ; ; ;28;1;3;1;1450.51536757371
56;2014;1;1;1;2;2;2;1;1;1;1;1;2;8;1;2;6;3;7;8;10; ; ; ; ; ; ; ; ;20;1;2;1;1177.54212938583
61;2014;1;1;1;1;1;2;1;1;1;1;1;2;8;1;2;15;1;2;3;4;5;6;7;9;10;11;13;15;29;1;3;1;1413.20307516024
62;2014;1;2;1;1;2;2;1;1;2;1;1;8;4;2;3;5;4;7;10; ; ; ; ; ; ; ; ; ;19;1;1;1;835.767502323107
68;2014;1;1;1;2;2;2;1;1;1;1;8;1;2;2;3;1;3;4;7;10; ; ; ; ; ; ; ; ;26;1;3;1;1744.3496703298
69;2014;1;2;1;2;1;2;1;1;2;1;1;8; ;1;2;5;2;3;4;5; ; ; ; ; ; ; ; ;20;1;2;1;1819.83783632356
73;2014;1;1;1;1;1;2;1;1;1;1;1;2;8;1;2;3;4;5;7;8;14; ; ; ; ; ; ; ;25;1;3;1;767.405444534653
74;2014;2;1;1;2;1;2;1;2;1;1;1;8; ;3;2;4;3;4;5;7;8;10; ; ; ; ; ; ;22;1;2;1;800.615546022269
75;2014;1;1;1;1;2;2;1;2;1;1;1;8; ;2;3;6;5;7;8;9;14; ; ; ; ; ; ; ;19;1;1;1;453.843147472033
76;2014;1;1;1;1;1;2;1;1;1;1;1;8;6;2;3;6;2;9;10; ; ; ; ; ; ; ; ; ;18;1;1;1;541.370040198783
79;2014;2;1;1;2;2;2;1;2;1;1;1;8; ;2;3;4;3; ; ; ; ; ; ; ; ; ; ; ;18;1;1;1;541.370040198783
83;2014;1;1;1;2;2;2;1;1;1;1;1; ; ;2;3; ;7;8; ; ; ; ; ; ; ; ; ; ;17;1;1;1;474.590262785041
84;2014;1;1;1;1;1;2;1;1;1;1;1;6; ;2;6; ;2;3;7; ; ; ; ; ; ; ; ; ;24;1;2;1;837.21511384043
85;2014;1;1;1;1;1;2;1;1;1;1;1; ; ;2;4; ;2;4; ; ; ; ; ; ; ; ; ; ;25;1;3;1;802.486836284808
86;2014;1;1;1;2;2;1;1;1;1;1;1; ; ;2;3; ;4;5;8; ; ; ; ; ; ; ; ; ;28;1;3;1;859.494097878811
89;2014;1;1;1;1;1;2;1;1;1;1;1;2;6;2;3; ;2;3;7; ; ; ; ; ; ; ; ; ;20;1;2;1;896.689411544941
91;2014;1;2;1;2;2;2;1;1;2;1;2;1; ;2;1;6;3;4;7;9; ; ; ; ; ; ; ; ;29;1;3;1;649.005747377878
92;2014;1;1;1;2;2;2;1;2;2;1;1;2; ;1;2;5;1;2;4;7;10; ; ; ; ; ; ; ;24;1;2;1;677.092004635976
96;2014;1;1;1;1;2;2;1;1;1;1;1;2; ;1;2;4;2;4;10; ; ; ; ; ; ; ; ; ;23;1;2;1;498.669111522442
97;2014;1;1;1;1;1;2;1;1;1;1;1;2; ;15;2;17;5;9;10; ; ; ; ; ; ; ; ; ;23;1;2;1;498.669111522442
107;2014;2;1;1;1;2;2;1;2;1;1;1;2; ;6;2;15;3;7;9;10; ; ; ; ; ; ; ; ;23;1;2;1;713.691572454137
109;2014;1;1;1;2;2;2;1;1;1;1;1;2;8;4;1;3;2;3;4;5;10;13; ; ; ; ; ; ;28;1;3;1;684.087139128033
111;2014;1;1;1;2;1;2;1;1;1;1;1;7;8;14;15;1;2;3;4;6;7;10; ; ; ; ; ; ;26;1;3;1;631.4650515028
114;2014;1;1;1;2;2;2;1;1;1;1;1; ; ;6;13;1;10; ; ; ; ; ; ; ; ; ; ; ;19;1;1;1;373.44807563413
115;2014;1;1;1;2;1;2;1;1;1;1;1; ; ;22;1;2;2;3;4;5; ; ; ; ; ; ; ; ;25;1;3;1;631.4650515028
117;2014;1;1;1;1;1;2;1;1;1;1;1;4;5;1;2;4;3;4;5;7;8;10;14; ; ; ; ; ;19;1;1;1;459.029926300285
118;2014;2;1;1;1;1;2;1;2;1;1;1;8; ;2;4;21;3;4;5;14; ; ; ; ; ; ; ; ;23;1;2;1;809.765437976809
122;2014;1;2;1;2;2;2;1;2;2;1;1;8; ;2;1; ;3;4;5;10;14; ; ; ; ; ; ; ;21;1;2;1;709.116626476867
123;2014;1;1;1;1;2;2;2;1;1;1;6;3; ;1;2; ;3;5;9;10;14; ; ; ; ; ; ; ;16;1;1;1;401.975359189515
124;2014;1;2;1;2;2;2;1;1;2;1;1; ; ;1;2;6;3;5;7;10;14; ; ; ; ; ; ; ;29;1;3;1;679.701965159264
128;2014;1;1;1;2;1;2;1;1;1;1;1;8; ;1;2;3;4;5;6;7;8;9;10; ; ; ; ; ;27;1;3;1;543.761572127411
132;2014;1;2;1;1;2;2;1;1;2;1;1; ; ;17;2;1;1;5;7; ; ; ; ; ; ; ; ; ;26;1;3;1;530.606050221103
134;2014;1;1;1;2;2;2;1;1;1;1;8; ; ;2;5;4;10; ; ; ; ; ; ; ; ; ; ; ;27;1;3;1;530.606050221103
137;2014;1;1;1;1;1;2;1;1;1;1;1; ; ;7;2; ;3;6;9; ; ; ; ; ; ; ; ; ;23;1;2;1;613.042760954194
145;2014;1;1;1;1;1;2;1;1;1;1;1;8;2;2;1;3;3;4;5;6;7;8;9;10; ; ; ; ;26;1;3;1;434.132222908175
148;2014;1;2;1;1;1;2;1;1;2;1;1;8; ;1;2;5;4;5;6;7;8;9;10; ; ; ; ; ;24;1;2;1;736.566302340487
165;2014;1;1;1;1;2;2;1;1;2;1;1; ; ;1;6;3;3;8;9; ; ; ; ; ; ; ; ; ;22;1;2;1;768.590924181378
168;2014;1;2;1;1;2;2;1;1;2;1;1;8; ;2;6;1;3;4;5;6;7;8;9;10; ; ; ; ;21;1;2;1;805.190491999539
169;2014;1;2;1;2;1;2;1;1;2;1;1;8; ;2;17;1;3;5;6;7;8;9;10; ; ; ; ; ;25;1;3;1;771.790618503422
178;2014;1;1;1;2;1;2;2;1;1;1;1;8; ;1;2; ;3;5;7;8;10; ; ; ; ; ; ; ;25;1;3;1;964.738273129278
179;2014;1;1;1;2;1;2;1;1;1;1;1; ; ;4;2;1;8;14; ; ; ; ; ; ; ; ; ; ;28;1;3;1;964.738273129278
187;2014;2;1;1;2;2;2;1;2;1;1;1;4;8;1;2;4;1;2;3;4;5;7;10;12;13;14;15; ;25;1;3;1;1404.12733957726
189;2014;1;1;1;2;1;1;1;1;1;1;1;2;8;4;2;21;3;4;7;10;12;14;15; ; ; ; ; ;18;1;1;1;830.400117413426
195;2014;1;1;1;1;1;2;1;1;1;1;1;8; ;1;6;4;3;4;5;7;10;14; ; ; ; ; ; ;24;1;2;1;1484.25191206341
196;2014;1;2;1;1;2;2;1;1;2;1;1;4; ;1;2; ;2;3;8;10;14; ; ; ; ; ; ; ;25;1;3;1;1484.53991849579
198;2014;2;1;1;2;2;2;1;2;1;1;1;8; ;2;1; ;1;2;3;4;5;7;8;10;13;14; ; ;29;1;3;1;1484.53991849579
201;2014;1;1;1;1;2;2;2;1;1;1;1; ; ;16;1;8;8;10; ; ; ; ; ; ; ; ; ; ;26;1;3;1;1762.89115321374
207;2014;1;1;1;1;1;2;1;1;1;1;1;2; ;2;4; ;7;10; ; ; ; ; ; ; ; ; ; ;24;1;2;1;1671.39671836705
213;2014;1;1;1;2;1;2;1;1;1;1;1;4;8;2;8;4;3;8;10; ; ; ; ; ; ; ; ; ;26;1;3;1;853.610453135076
214;2014;1;1;1;2;1;2;1;1;1;1;1;3;8;1;10;3;8;12;15; ; ; ; ; ; ; ; ; ;21;1;2;1;890.551147238043
217;2014;1;1;1;2;2;2;1;1;1;1;1; ; ;1;2; ;2;3;4;7;10; ; ; ; ; ; ; ;24;1;2;1;1994.06017751127
220;2014;1;1;1;2;2;2;1;2;2;1;1;6; ;5;2;12;1;2;3;4;5;6;7;8;9;10;15; ;22;1;2;1;1994.06017751127
221;2014;1;2;1;1;1;2;1;2;2;1;1;2;8;2;3; ;3;4;5;7;9;10;14; ; ; ; ; ;29;1;3;1;698.970878291765
222;2014;2;2;2;2;1;2;1;2;2;1;3;4;8;2;1;6;2;4;8;10;14; ; ; ; ; ; ; ;20;1;2;1;729.219417665934
227;2014;1;2;1;2;2;1;2;2;2;1;1;4; ;2;6; ;10;14; ; ; ; ; ; ; ; ; ; ;16;1;1;1;629.201851079776
229;2014;2;1;1;2;2;2;1;2;2;1;1; ; ;2;1;6;1;3;4;5;7;8;10; ; ; ; ; ;21;1;2;1;1109.96229945611
234;2014;2;1;1;2;1;2;1;2;1;1;1;2;8;2;3;2;2;7; ; ; ; ; ; ; ; ; ; ;29;1;3;1;612.372716379511
239;2014;1;2;2;2;2;2;1;1;1;1;1; ; ;2;3; ;2;4; ; ; ; ; ; ; ; ; ; ;27;1;3;1;494.846639498595
242;2014;1;1;1;1;2;2;1;1;1;1;1;2; ;1;2;5;2;5;6;10; ; ; ; ; ; ; ; ;25;1;3;1;1447.42642053339
246;2014;2;2;1;2;2;2;1;2;2;1;1;2;8;1;4;5;2;3;4;6;7;10; ; ; ; ; ; ;28;1;3;1;1045.36352594078
247;2014;1;1;1;2;2;2;1;2;2;1;1; ; ;1;2;6;2;4;7;10; ; ; ; ; ; ; ; ;20;1;2;1;1090.60249190746
250;2014;1;1;1;2;2;2;1;1;1;1;1; ; ;1;4;5;1;4; ; ; ; ; ; ; ; ; ; ;25;1;3;1;1045.36352594078
2;2014;1;1;1;1;1;2;1;1;1;1;1;5; ;1;2;3;1;2;3;4;5;7;9;10;11;12;14; ;15;1;1;1;140.67373801478
14;2014;1;1;1;2;1;2;1;1;1;1;1;8; ;2;4;1;1;2;3;4;5;7;8;9;10;11;13;14;23;1;2;1;617.966324099175
18;2014;1;1;1;2;2;2;1;2;1;1;1;4;8;3;1;4;1;2;3;4;5;7;8;9;10;11;14;15;15;1;1;1;422.021214044341
21;2014;2;1;1;1;2;2;1;2;1;1;1;4;8;1;4;6;1;2;3;4;5;7;9;10;11;12;14; ;20;1;2;1;827.199016510707
26;2014;1;2;1;2;2;2;2;1;2;1;1;4; ;1;6;2;10;13; ; ; ; ; ; ; ; ; ; ;18;1;1;1;697.852072896851
44;2014;1;1;1;1;1;2;1;1;1;1;1;8; ;1;2;3;1;3;4;5;7;8;10;14;15; ; ; ;20;1;2;1;1060.76109176079
45;2014;1;2;1;1;1;1;2;1;2;1;1; ; ;1;2;4;5;7;9;11; ; ; ; ; ; ; ; ;17;1;1;1;601.311272298473
47;2014;1;1;1;2;1;2;1;1;1;1;8;1;6;2;1;6;3;4;5;6;7;8;10; ; ; ; ; ;20;1;2;1;554.709928718945
58;2014;1;2;1;1;2;2;1;1;2;1;1;4;6;1;2;3;3;4;6;7;8;9;10;11; ; ; ; ;15;1;1;1;667.510678423075
77;2014;1;1;1;1;1;2;1;1;1;1;1; ; ;6;2; ;99; ; ; ; ; ; ; ; ; ; ; ;15;1;1;1;541.370040198783
98;2014;2;1;1;2;2;2;1;2;2;1;1; ; ;1;2;3;2;4;6;7;10;11; ; ; ; ; ; ;16;1;1;1;282.679446139724
103;2014;1;1;1;1;2;2;1;1;1;1;8; ; ;2;3; ;3;10; ; ; ; ; ; ; ; ; ; ;19;1;1;1;534.886566663468
106;2014;1;2;1;1;2;2;1;1;2;1;1; ; ;2;3; ;2;3;9; ; ; ; ; ; ; ; ; ;16;1;1;1;404.568748603641
126;2014;1;1;1;1;1;2;1;1;1;1;1;6;8;2;1;4;3;4;5;6;7;8;9;10;11; ; ; ;16;1;1;1;321.580287351612
130;2014;2;1;1;1;1;2;1;2;1;1;1;8;6;2;1;4;3;4;5;6;7;8;9;10; ; ; ; ;15;1;1;1;321.580287351612
135;2014;1;1;1;1;1;2;1;1;2;1;1; ; ;2;6; ;7;9;11; ; ; ; ; ; ; ; ; ;20;1;2;1;553.568463249683
138;2014;1;1;1;1;1;2;2;1;1;1;1; ; ;2;6; ;3;7; ; ; ; ; ; ; ; ; ; ;16;1;1;1;347.514181492871
143;2014;1;1;1;1;2;2;1;1;2;1;1;8; ;2;4;1;3;4;6;7;9; ; ; ; ; ; ; ;17;1;1;1;256.745551998465
144;2014;1;2;1;1;1;2;1;1;2;1;1;8; ;2;1;5;3;4;5;7;8; ; ; ; ; ; ; ;18;1;1;1;256.745551998465
161;2014;1;1;1;1;2;1;2;1;2;1;1; ; ;6;2; ;7;9; ; ; ; ; ; ; ; ; ; ;19;1;1;1;435.689421573152
166;2014;2;1;1;2;1;2;1;2;1;1;1;8; ;2;1;4;3;4;5;6;7;8;9; ; ; ; ; ;16;1;1;1;456.436536886159
184;2014;1;1;1;1;1;2;1;1;1;1;1;8;4;2;3;1;1;3;4;5;6;7;8;9;10;11;12;14;21;1;2;1;1168.04172210207
186;2014;1;2;1;2;2;2;1;1;2;1;1;8;4;6;2;3;2;3;4;5;7;10;11;12;14;15; ; ;18;1;1;1;830.400117413426
202;2014;1;1;1;1;1;2;1;1;1;1;1; ; ;22;2;6;3;8;9; ; ; ; ; ; ; ; ; ;15;1;1;1;1042.572834638
212;2014;1;1;1;1;1;2;1;1;1;1;1;3;5;1;6;2;4;6;10; ; ; ; ; ; ; ; ; ;24;1;2;1;890.551147238043
215;2014;2;1;1;1;1;2;1;2;1;1;1;4;8;2;8;1;2;6;8; ; ; ; ; ; ; ; ; ;17;1;1;1;504.824740982611
226;2014;1;2;1;2;2;2;1;2;2;1;1; ; ;2;6;3;1;4;6;8;10;14; ; ; ; ; ; ;15;1;1;1;629.201851079776
237;2014;1;1;1;1;1;2;1;1;1;1;1;6; ;2;3;6;2;5;6; ; ; ; ; ; ; ; ; ;18;1;1;1;292.652023758036
238;2014;1;1;1;1;1;2;1;1;1;1;1;6; ;3;5;6;2;3;7; ; ; ; ; ; ; ; ; ;16;1;1;1;292.652023758036
241;2014;1;1;1;2;2;2;1;2;2;1;1;6;8;1;2;6;2;3;4;5;7;8;10; ; ; ; ; ;15;1;1;1;856.007169492254
244;2014;1;2;1;2;2;2;1;2;2;1;1;6; ;1;4;3;2;3;4;5;7;8;10; ; ; ; ; ;16;1;1;1;856.007169492254
3;2014;2;2;1;2;2;2;1;2;2;1;1;8; ;2;5;6;2;3;4;5;6;7;8;9;10;12;14;15;25;2;3;1;210.580762855323
4;2014;1;1;1;2;2;2;1;1;1;1;1;8;4;1;2;6;2;3;4;5;7;8;9;10;11;12;14;15;20;2;2;1;198.136559125325
8;2014;1;2;1;2;2;2;1;2;2;1;8;1;4;2;1;6;3;7;8;10;12;14;15; ; ; ; ; ;22;2;2;1;392.388087679565
12;2014;2;1;1;2;2;1;2;2;1;1;2;1; ;1;2; ;1;3;4;7;8;10;14;15; ; ; ; ;29;2;3;1;524.387389855413
15;2014;1;2;1;2;2;2;1;1;2;1;1;8;4;1;2;6;2;3;4;5;7;8;10;14; ; ; ; ;22;2;2;1;493.398882527769
19;2014;2;1;1;2;2;2;1;2;1;1;1;5;8;2; ; ;2;3;4;7;8;10;14;15; ; ; ; ;23;2;2;1;594.409677375974
22;2014;2;1;1;2;2;2;1;2;1;1;1;8; ;2;1;6;1;2;3;4;5;7;10;13;14; ; ; ;29;2;3;1;701.935876184411
24;2014;2;1;1;2;1;2;1;2;1;1;1;5;8;5;2; ;1;2;3;4;5;7;8;10;13;14;15; ;28;2;3;1;701.935876184411
27;2014;1;2;1;2;2;2;1;2;2;1;1;4;5;1;15;2;6;10; ; ; ; ; ; ; ; ; ; ;27;2;3;1;1044.64574514504
33;2014;1;2;1;2;2;2;1;2;2;1;1;8; ;4;2;1;2;5;7;10; ; ; ; ; ; ; ; ;24;2;2;1;1270.40499674473
34;2014;2;1;2;2;2;2;1;2;1;1;3; ; ;4;1;2;1;3;4;7;10; ; ; ; ; ; ; ;25;2;3;1;1350.19430301354
36;2014;1;1;1;2;1;2;1;1;1;1;1;8; ;1;2;4;2;3;4;5;6;7;8;9;10;11;14;15;25;2;3;1;512.000286158041
37;2014;2;1;1;2;1;2;1;2;1;1;1;2;8;1;4; ;2;3;6;7;10; ; ; ; ; ; ; ;22;2;2;1;481.743790814515
41;2014;1;1;1;1;2;2;1;1;2;1;1;6;8;1;2;4;4;5;7;8;10;14;15; ; ; ; ; ;23;2;2;1;846.936664496486
42;2014;1;1;1;2;2;2;1;1;1;1;1;2;8;1;5;6;4;7;8;10;12;15; ; ; ; ; ; ;29;2;3;1;900.129535342363
50;2014;1;1;1;2;2;2;1;1;1;1;8;1;2;1;6; ;4;5;6;10; ; ; ; ; ; ; ; ;27;2;3;1;470.709940500135
53;2014;2;1;1;2;1;2;1;2;1;1;1;8;6;1;2;5;4;9;10; ; ; ; ; ; ; ; ; ;26;2;3;1;1284.12974996089
55;2014;2;1;1;2;2;2;1;2;1;1;8;1;6;2;5;6;3;4;6;7;8;10; ; ; ; ; ; ;24;2;2;1;1208.24450760737
57;2014;1;1;1;1;1;2;1;1;1;1;1; ; ;1;2;3;3;4;6;7;8;9;10;13;14; ; ; ;22;2;2;1;940.177398202521
59;2014;1;2;1;2;2;2;1;1;2;1;8;1;6;1;2;6;4;7;10; ; ; ; ; ; ; ; ; ;25;2;3;1;999.226364921338
63;2014;1;1;1;2;1;2;1;1;1;1;1;8;6;1;2;3;2;3;4;5;6;7;8;9;10;11;13;14;24;2;2;1;1177.16426303869
64;2014;1;1;1;2;2;2;1;1;1;1;1;8;2;1;2; ;1;2;3;4;5;7;8;10;11;12;14; ;24;2;2;1;1177.16426303869
66;2014;1;1;1;1;2;2;1;1;1;1;8;1;2;1;6;2;2;3;4;5;6;7;8;10; ; ; ; ;20;2;2;1;1453.00143358571
70;2014;1;2;1;2;1;2;1;1;2;1;8;1;2;2;5;6;3;4;5;7;10; ; ; ; ; ; ; ;23;2;2;1;1453.00143358571
71;2014;2;1;1;2;1;2;1;2;1;1;1;8; ;2;3; ;1;2;3;4;7;8;10;14; ; ; ; ;24;2;2;1;639.230327506247
80;2014;1;1;2;2;2;1;2;2;1;2; ; ; ; ; ; ; ; ; ; ; ; ; ; ; ; ; ; ;23;2;2;1;762.510462096737
82;2014;2;1;1;2;2;2;1;2;1;1;1; ; ;2; ; ;2;3;4; ; ; ; ; ; ; ; ; ;27;2;3;1;710.435231133773
88;2014;1;1;1;2;2;2;1;1;1;1;1;6; ;2;3;4;2;3;5; ; ; ; ; ; ; ; ; ;25;2;3;1;760.903307662402
90;2014;2;2;2;2;2;2;2;2;2;2; ; ; ; ; ; ; ; ; ; ; ; ; ; ; ; ; ; ;29;2;3;1;760.903307662402
99;2014;2;1;1;2;2;2;1;2;2;1;1;2; ;2;1;5;4;7;8;10; ; ; ; ; ; ; ; ;24;2;2;1;398.149175418177
100;2014;1;1;1;2;2;2;1;2;2;1;1;2; ;1;2;5;2;3;7;10; ; ; ; ; ; ; ; ;26;2;3;1;423.155410893887
101;2014;1;1;1;1;1;2;1;1;1;1;1;6; ;2;4; ;10; ; ; ; ; ; ; ; ; ; ; ;17;2;1;1;557.838592657201
102;2014;1;2;1;2;2;1;2;1;2;1;1; ; ;1;6; ;10; ; ; ; ; ; ; ; ; ; ; ;27;2;3;1;800.695444925359
108;2014;2;1;1;1;1;2;1;2;1;1;1;8; ;2;1;4;3;10;11; ; ; ; ; ; ; ; ; ;27;2;3;1;605.616918343544
112;2014;1;1;1;2;1;2;1;1;1;1;1;2; ;2;4;1;5; ; ; ; ; ; ; ; ; ; ; ;23;2;2;1;525.995240919426
113;2014;2;1;1;2;2;1;2;2;1;1;1;2; ;2;3; ;1;5;11; ; ; ; ; ; ; ; ; ;23;2;2;1;525.995240919426
116;2014;1;1;1;2;1;1;2;1;1;1;1;4;5;2;1; ;3;4;5;7;14; ; ; ; ; ; ; ;29;2;3;1;687.142272735944
119;2014;1;1;1;2;1;2;1;1;1;1;1;8; ;2;4;5;2;3;4;5;7;14; ; ; ; ; ; ;21;2;2;1;646.535816963461
125;2014;1;1;1;2;1;1;2;1;1;1;1;8; ;4;2;1;3;4;14; ; ; ; ; ; ; ; ; ;22;2;2;1;566.175432934104
127;2014;1;2;1;2;2;2;1;1;2;1;1;8; ;6;2;1;3;4;5;6;7;8;10; ; ; ; ; ;23;2;2;1;452.940346347284
129;2014;2;1;1;2;1;2;1;2;1;1;8;1; ;2;1;3;5;6;7;8;9;10; ; ; ; ; ; ;27;2;3;1;481.387806888458
131;2014;1;1;1;2;2;2;1;1;2;1;1; ; ;1;4;2;2;3;8;10;14;15; ; ; ; ; ; ;25;2;3;1;469.741327689544
136;2014;1;1;1;2;2;2;1;1;1;1;1;6;8;1;6;2;2;3;4;5;10;13; ; ; ; ; ; ;23;2;2;1;489.467793633355
139;2014;1;1;1;1;2;2;1;1;1;1;1; ; ;1;16;5;3;4;7;10; ; ; ; ; ; ; ; ;28;2;3;1;520.209404218172
141;2014;1;1;1;2;1;2;1;1;1;1;1;8; ;2;1;6;3;4;5;6;7;8;9;10; ; ; ; ;19;2;1;1;267.762524475456
142;2014;1;1;1;1;1;2;1;1;1;1;1;2;8;1;6;2;3;4;5;7;8;9;10; ; ; ; ; ;24;2;2;1;361.621728132105
146;2014;1;1;1;2;1;2;1;1;1;1;1;2;8;2;1;4;3;4;5;6;7;8;9;10; ; ; ; ;19;2;1;1;435.452186268167
147;2014;1;1;1;1;2;2;1;1;1;1;1;8; ;2;1;4;4;5;6;7;8;9;10; ; ; ; ; ;25;2;3;1;625.027717008401
150;2014;1;1;1;2;1;2;1;1;1;1;1;8;3;2;5;1;3;4;5;6;7;8;9;10; ; ; ; ;25;2;3;1;625.027717008401
153;2014;1;1;1;2;1;2;1;2;1;1;1;2; ;6;1;2;2;3;8;9; ; ; ; ; ; ; ; ;25;2;3;1;687.142272735944
154;2014;2;1;1;2;1;2;1;2;1;1;1;7; ;1;2;4;1;2;3;4; ; ; ; ; ; ; ; ;25;2;3;1;687.142272735944
155;2014;1;1;1;1;2;2;1;1;2;1;2;1; ;1;5; ;3;4;10; ; ; ; ; ; ; ; ; ;22;2;2;1;646.535816963461
156;2014;2;2;2;2;2;2;1;2;2;1;2; ; ;5;1; ;2;3;7; ; ; ; ; ; ; ; ; ;28;2;3;1;609.499078076515
157;2014;1;1;1;1;1;2;1;1;2;1;1; ; ;2; ; ;5;9; ; ; ; ; ; ; ; ; ; ;24;2;2;1;573.480922391319
159;2014;2;1;1;2;2;2;1;2;1;1;1;2; ;16;2; ;10; ; ; ; ; ; ; ; ; ; ; ;29;2;3;1;609.499078076515
162;2014;2;1;1;2;1;2;1;2;2;1;1; ; ;5;2; ;4;10; ; ; ; ; ; ; ; ; ; ;22;2;2;1;613.661114405997
163;2014;1;1;1;1;2;2;1;2;1;1;2;1; ;2;6;1;3;5;10; ; ; ; ; ; ; ; ; ;23;2;2;1;613.661114405997
164;2014;1;2;1;2;1;2;1;1;2;1;1;2; ;6;16;14;3;4; ; ; ; ; ; ; ; ; ; ;23;2;2;1;613.661114405997
167;2014;1;1;1;1;1;2;1;1;1;1;1;8; ;2;1; ;3;4;5;6;7;8;9;10;14; ; ; ;18;2;1;1;476.022265734145
170;2014;1;1;1;1;1;2;1;1;1;1;1;8; ;2;3;1;3;4;5;6;7;8;9;10; ; ; ; ;20;2;2;1;642.883072234854
176;2014;1;1;1;1;2;1;2;2;2;1;2; ; ;1;2;15;99; ; ; ; ; ; ; ; ; ; ; ;23;2;2;1;803.603840293567
180;2014;1;2;1;2;2;1;2;2;2;1;1; ; ;2;6;5;8;14;15; ; ; ; ; ; ; ; ; ;23;2;2;1;803.603840293567
181;2014;1;1;1;1;2;2;1;1;2;1;1;4;8;1;2;3;3;8;14; ; ; ; ; ; ; ; ; ;24;2;2;1;932.5920490426
182;2014;2;1;1;2;2;2;1;2;1;1;1;4;5;1;2;7;1;3;5;6;8;10;12;13;14;15; ; ;26;2;3;1;991.164608829118
188;2014;2;1;1;2;2;2;1;2;1;1;1;2;8;4;5;1;1;3;4;6;7;8;10;12;15; ; ; ;23;2;2;1;1169.60439299818
190;2014;2;1;1;2;1;2;1;2;1;1;1;4; ;1; ; ;3;4;7;10;12;14; ; ; ; ; ; ;28;2;3;1;1243.06279670834
191;2014;2;1;1;2;2;2;1;2;1;1;1;2;8;6;2;1;1;2;3;4;6;7;8;9;10;11;13;14;22;2;2;1;1185.06171977789
192;2014;1;2;1;1;2;2;1;1;2;1;1;4; ;1;2;3;2;3;7;8;14; ; ; ; ; ; ; ;22;2;2;1;1185.06171977789
193;2014;2;1;1;2;2;2;1;2;1;1;1;8; ;2;1;14;1;2;3;4;5;7;8;9;10;11;13;14;26;2;3;1;1259.49093939612
197;2014;1;2;1;2;1;2;1;1;2;1;8;2; ;2;3;1;2;3;4;5;7;9;10;12;14; ; ; ;25;2;3;1;1314.25141502204
205;2014;2;1;1;2;2;2;1;2;1;1;1;2; ;17;2;1;3;14; ; ; ; ; ; ; ; ; ; ;25;2;3;1;1560.67355533867
206;2014;1;1;1;2;1;2;1;1;1;1;1; ; ;4;2;3;2;3;10; ; ; ; ; ; ; ; ; ;28;2;3;1;1418.29631871128
208;2014;1;1;1;1;1;2;1;1;1;1;1;6; ;2; ; ;5;10; ; ; ; ; ; ; ; ; ; ;19;2;1;1;988.116552198624
209;2014;1;1;1;2;2;2;1;2;1;1;8;1; ;2;14; ;3;9; ; ; ; ; ; ; ; ; ; ;18;2;1;1;988.116552198624
210;2014;1;1;1;2;1;2;1;1;1;1;1; ; ;1;2;14;10;11;14; ; ; ; ; ; ; ; ; ;21;2;2;1;1418.29631871128
211;2014;2;1;1;2;1;2;1;2;1;1;1;6;8;14;3;2;2;3;10;13; ; ; ; ; ; ; ; ;19;2;1;1;526.486811596178
216;2014;1;1;1;2;1;2;1;1;1;1;1;2; ;2;1;4;3;7;8; ; ; ; ; ; ; ; ; ;26;2;3;1;1692.09869684087
218;2014;1;2;2;2;2;1;2;2;2;1;3; ; ;1;2;5;2;3;4;10; ; ; ; ; ; ; ; ;29;2;3;1;1692.09869684087
223;2014;2;2;2;2;2;2;1;2;2;1;3; ; ;2;6;7;4;5;10;14; ; ; ; ; ; ; ; ;22;2;2;1;582.225975369137
224;2014;1;2;1;2;2;2;1;2;2;1;1; ; ;1;2;4;4;7;9;10;14; ; ; ; ; ; ; ;28;2;3;1;618.793374572875
228;2014;2;1;1;2;2;2;1;2;2;1;1; ; ;2;4;13;14; ; ; ; ; ; ; ; ; ; ; ;27;2;3;1;941.880180765791
231;2014;2;1;1;2;1;2;1;2;1;1;1;3;8;2;6;13;7;10; ; ; ; ; ; ; ; ; ; ;26;2;3;1;542.128708696589
232;2014;2;1;1;2;1;2;1;2;1;1;1;8; ;2;3;4;2;8;12; ; ; ; ; ; ; ; ; ;24;2;2;1;510.091783730483
233;2014;1;2;1;2;1;2;1;1;2;1;1;2; ;1;3;2;3;5;8; ; ; ; ; ; ; ; ; ;23;2;2;1;510.091783730483
235;2014;2;1;1;2;1;2;1;2;1;1;2;1;8;3;1;2;7;12;13; ; ; ; ; ; ; ; ; ;28;2;3;1;542.128708696589
236;2014;1;2;1;2;1;2;1;1;1;1;1;8; ;2;4;6;2;7; ; ; ; ; ; ; ; ; ; ;29;2;3;1;438.083805007345
245;2014;2;1;1;2;2;1;2;2;2;1;1;2; ;2;1;5;2;5;6;10; ; ; ; ; ; ; ; ;23;2;2;1;1205.6714888175
248;2014;1;1;1;2;2;2;1;1;1;1;1; ; ;1;4;7;4;10; ; ; ; ; ; ; ; ; ; ;23;2;2;1;870.762741923753
249;2014;1;1;1;2;2;2;1;1;1;1;1;2; ;1;5; ;3;4; ; ; ; ; ; ; ; ; ; ;27;2;3;1;925.452038078016
6;2014;2;1;1;2;2;2;1;2;1;1;1;8; ;2;1;6;1;4;5;7;9;10;11;14;15; ; ; ;19;2;1;1;290.543451229774
10;2014;1;2;1;1;2;2;1;1;2;1;8;1;4;1; ; ;5;7;8;10;11;15; ; ; ; ; ; ;15;2;1;1;290.543451229774
13;2014;2;1;1;1;2;2;1;2;1;1;1;8;6;1;6; ;1;2;3;4;7;9;10;11;14; ; ; ;17;2;1;1;365.336814912686
25;2014;2;1;1;1;2;2;1;2;1;1;8;1;6;2;1;3;2;3;4;5;7;9;10;11;12;14; ; ;15;2;1;1;489.033531772887
29;2014;1;1;1;2;2;2;1;1;1;1;1;4;8;1;2;6;3;5;7;10; ; ; ; ; ; ; ; ;19;2;1;1;727.796961991414
30;2014;1;1;1;1;2;2;1;1;1;1;1;4;6;3;2;1;3;5;8;11;13;14; ; ; ; ; ; ;22;2;2;1;982.912734484454
31;2014;1;1;1;2;2;2;1;2;1;1;1;8;4;6;4;2;1;3;4;5;7;8;9;10;11;12;13;14;19;2;1;1;940.670381704318
39;2014;1;1;1;2;1;1;2;1;2;1;1; ; ;2;3;5;2;3;4;7;8;10;11; ; ; ; ; ;17;2;1;1;356.706811410812
49;2014;1;1;1;2;2;2;1;1;1;1;1;8;4;1;2;3;2;3;4;7;8;10; ; ; ; ; ; ;17;2;1;1;327.94013307123
60;2014;1;1;1;2;1;2;2;1;1;1;1;4;6;1;5;4;3;4;7;10; ; ; ; ; ; ; ; ;19;2;1;1;696.153615817874
65;2014;1;1;1;2;2;2;1;1;2;1;1;6;8;1;2;6;1;2;3;4;7;9;10;11;12;13;14; ;17;2;1;1;871.630353689322
67;2014;2;1;1;2;2;2;2;2;1;1;1;6; ;1;2;3;2;3;4;5;6;7;10; ; ; ; ; ;19;2;1;1;1075.87376990035
72;2014;1;1;1;1;1;2;1;2;2;1;1;8; ;3; ; ;1;3;4;7;11;14; ; ; ; ; ; ;15;2;1;1;473.317593769746
81;2014;1;1;1;2;1;2;1;1;1;1;1;6; ;2;3; ;3;4; ; ; ; ; ; ; ; ; ; ;19;2;1;1;494.954969484935
87;2014;1;1;2;2;2;2;2;2;2;2; ; ; ; ; ; ; ; ; ; ; ; ; ; ; ; ; ; ;15;2;1;1;530.115705022116
93;2014;1;1;1;2;2;2;1;2;2;1;1;6; ;3;1;2;2;3;4;7;10;11; ; ; ; ; ; ;20;2;2;1;540.606219833855
94;2014;1;1;1;1;2;2;1;1;1;1;1;6; ;2;1;4;3;8;10; ; ; ; ; ; ; ; ; ;15;2;1;1;400.291450730985
95;2014;1;2;1;2;2;2;2;1;2;1;1; ; ;1;2;6;3;8;10; ; ; ; ; ; ; ; ; ;18;2;1;1;400.291450730985
104;2014;1;1;1;1;1;2;1;1;1;1;1; ; ;5;2;3;3; ; ; ; ; ; ; ; ; ; ; ;25;2;3;1;800.695444925359
110;2014;1;1;1;2;2;2;1;1;1;1;1;6;8;2;1;15;1;4;10; ; ; ; ; ; ; ; ; ;23;2;2;1;569.828177662711
120;2014;1;1;1;1;1;2;1;1;1;1;1;6;8;2; ; ;3;5;14; ; ; ; ; ; ; ; ; ;19;2;1;1;478.726937698543
121;2014;1;1;1;1;1;2;1;1;1;1;1;8;7;2;1;6;2;3;5;14; ; ; ; ; ; ; ; ;18;2;1;1;419.224154481775
133;2014;1;1;1;2;2;2;1;1;1;1;1;5;8;5;2;6;3;7;9;14; ; ; ; ; ; ; ; ;20;2;2;1;441.982112161462
140;2014;1;1;1;1;1;2;1;1;1;1;1;7;8;6;7;2;2;3;4;6;7;14; ; ; ; ; ; ;17;2;1;1;362.426043229406
149;2014;1;1;1;1;2;2;1;1;1;1;1; ; ;3;2;1;3;4;5;6;7;8;9; ; ; ; ; ;17;2;1;1;435.452186268167
151;2014;1;1;1;2;2;2;1;1;1;1;1; ; ;6;3;2;3;14; ; ; ; ; ; ; ; ; ; ;17;2;1;1;478.726937698543
152;2014;1;1;1;2;2;2;1;1;2;1;1;4; ;2;1;11;7;11; ; ; ; ; ; ; ; ; ; ;21;2;2;1;646.535816963461
158;2014;1;1;1;1;2;2;1;1;1;1;1; ; ;3;6; ;5;8;10; ; ; ; ; ; ; ; ; ;15;2;1;1;424.633498410572
160;2014;2;1;1;1;2;2;1;2;1;1;1; ; ;2;3; ;10; ; ; ; ; ; ; ; ; ; ; ;17;2;1;1;424.633498410572
177;2014;1;1;1;1;1;2;1;1;1;1;1; ; ;2;1;6;5;7;10;11;14; ; ; ; ; ; ; ;18;2;1;1;595.027832167681
183;2014;2;1;1;2;2;2;1;2;1;1;1;8; ;1;2;3;1;4;5;7;9;11;12;13;14;15; ; ;19;2;1;1;690.537049992089
185;2014;1;1;1;1;2;2;1;1;1;1;1;4;6;1;3;2;3;4;5;7;10;11;12;14;15; ; ; ;16;2;1;1;690.537049992089
194;2014;1;1;1;1;2;2;1;1;1;1;1;8;6;2;1; ;2;3;5;7;8;9;10;11;13;14;15; ;16;2;1;1;877.478019326964
203;2014;1;1;1;1;2;2;1;2;1;1;1; ; ;2;12; ;1;5;14; ; ; ; ; ; ; ; ; ;16;2;1;1;1087.3097196008
204;2014;1;1;1;1;1;2;1;2;1;1;1; ; ;2; ; ;7;10; ; ; ; ; ; ; ; ; ; ;15;2;1;1;1087.3097196008
219;2014;1;1;1;2;2;1;2;2;2;1;1;6; ;1;2;4;1;2;3;4;5;6;7;8;9;10; ; ;15;2;1;1;1178.87264335666
225;2014;1;2;1;2;1;2;1;2;2;1;1;4;8;1;4;2;1;4;7;8;9;14; ; ; ; ; ; ;18;2;1;1;431.10876601716
230;2014;2;1;1;2;2;2;1;2;2;1;1;4;8;2;3;7;10; ; ; ; ; ; ; ; ; ; ; ;24;2;2;1;886.220068703465
240;2014;2;1;1;1;1;2;1;1;1;1;1;6; ;1;2;3;1;2;3;4;5; ; ; ; ; ; ; ;20;2;2;1;412.195380792309
243;2014;1;1;1;2;2;2;1;2;2;1;1;6; ;1;2;5;2;4;5;7;10; ; ; ; ; ; ; ;23;2;2;1;1205.6714888175
252;2014;1;1;1;1;1;2;1;1;1;1;1;2;8;5;1;2;2;3;4;7;10;14; ; ; ; ; ; ;20;1;2;2;1842.27479577006
253;2014;1;1;1;2;2;2;1;1;1;1;1;2; ;5;2;1;2;3;4;5;7; ; ; ; ; ; ; ;28;1;3;2;1869.06270435761
258;2014;1;1;1;2;2;2;1;1;1;1;2;8;2;2;1;6;3;4;6;7;10; ; ; ; ; ; ; ;21;1;2;2;759.808249102906
264;2014;1;1;1;2;1;2;1;1;1;1;8; ; ;17;9;6;2;3;4;7;8;10; ; ; ; ; ; ;29;1;3;2;1019.00876254525
267;2014;2;1;1;2;1;2;1;2;1;1;1;2;8;1;2;6;4;7;10;12;14;15; ; ; ; ; ; ;29;1;3;2;527.983814790286
268;2014;1;2;1;2;1;2;1;2;2;1;1;4;8;1;2;6;1;2;3;4;5;6;7;8;9;10;11;14;21;1;2;2;520.416608974593
269;2014;1;1;1;2;2;2;1;2;1;1;1;6; ;1;2;6;3;11; ; ; ; ; ; ; ; ; ; ;17;1;1;2;392.564940732703
275;2014;2;1;1;2;1;2;1;2;1;1;1;3; ;2;4;2;3;5;7;10;14; ; ; ; ; ; ; ;29;1;3;2;84.4774103664458
276;2014;1;1;1;2;2;2;1;1;1;1;1; ; ;1;2;3;2;4;5;7;8;10; ; ; ; ; ; ;24;1;2;2;671.337425577225
281;2014;2;2;1;2;1;2;1;2;2;1;8;1;2;2;1; ;3;4;5;7;10; ; ; ; ; ; ; ;18;1;1;2;859.71722020462
286;2014;2;1;1;2;2;2;1;2;1;1;1;2;5;7;2;6;5;7;10; ; ; ; ; ; ; ; ; ;26;1;3;2;1114.0458492075
289;2014;1;1;1;1;1;2;1;1;1;1;1;2;8;2;1; ;3;10; ; ; ; ; ; ; ; ; ; ;23;1;2;2;1098.07904493639
292;2014;1;1;1;2;2;2;1;2;2;1;1;2; ;1;4;5;2;3;4;5;10; ; ; ; ; ; ; ;28;1;3;2;1351.63856586313
293;2014;2;1;1;2;2;2;1;2;2;1;1; ; ;1;4;2;4;7;8;9;10; ; ; ; ; ; ; ;18;1;1;2;1004.96624827572
295;2014;2;2;2;2;2;2;2;2;2;2; ; ; ; ; ; ; ; ; ; ; ; ; ; ; ; ; ; ;15;1;1;2;1004.96624827572
297;2014;1;1;1;1;1;2;1;1;1;1;1;3; ;2;3;2;5;9; ; ; ; ; ; ; ; ; ; ;19;1;1;2;749.799036799463
298;2014;2;1;1;2;1;1;2;2;1;1;1;3; ;2;1; ;3;5; ; ; ; ; ; ; ; ; ; ;18;1;1;2;749.799036799463
300;2014;1;1;1;2;1;2;1;1;1;1;1;2;4;6;2; ;3;4;7; ; ; ; ; ; ; ; ; ;26;1;3;2;1008.44908624945
304;2014;2;2;2;1;2;1;2;2;2;1;3; ; ;1;2;3;3;4;6;7; ; ; ; ; ; ; ; ;18;1;1;2;710.542542726193
308;2014;1;2;1;2;2;2;2;2;2;1;1; ; ;1;6;5;2;3;4;7;9; ; ; ; ; ; ; ;20;1;2;2;1066.85404839792
310;2014;2;1;2;2;2;2;1;2;2;1;3; ; ;1;2;6;2;3;4;5;6;7;8;9; ; ; ; ;28;1;3;2;1082.36682032009
314;2014;2;1;1;1;2;2;1;2;1;1;1;4;8;2;1;4;3;4;5;7;8;10;12;14; ; ; ; ;29;1;3;2;1457.97979906728
315;2014;2;1;1;2;2;2;1;2;1;1;1;8;4;1;2;5;1;3;4;5;7;8;10;14;15; ; ; ;28;1;3;2;1457.97979906728
317;2014;1;2;1;2;2;2;1;1;2;1;1;8;4;2;6;1;2;3;5;7;8;10;11;12;14;15; ; ;20;1;2;2;733.939145259976
323;2014;1;2;1;2;2;1;2;1;2;1;1; ; ;4;1; ;8;9; ; ; ; ; ; ; ; ; ; ;26;1;3;2;973.722222948505
325;2014;2;1;2;2;2;1;2;2;2;1;4;3;8;1;2;6;3;8; ; ; ; ; ; ; ; ; ; ;24;1;2;2;959.766574570738
332;2014;1;2;1;1;1;2;2;2;2;1;1; ; ;2;6; ;3;7;11; ; ; ; ; ; ; ; ; ;16;1;1;2;433.613105081762
335;2014;1;1;1;2;1;2;1;1;1;1;1;8; ;2;1;3;2;3;4;5;10;14; ; ; ; ; ; ;25;1;3;2;583.191919626912
337;2014;1;2;1;1;2;2;1;1;2;1;1;8; ;1;2;5;2;3; ; ; ; ; ; ; ; ; ; ;22;1;2;2;1616.71909620204
339;2014;1;2;1;2;2;2;1;1;2;1;1;2;8;2;1;5;2;4;5;7;10;14; ; ; ; ; ; ;26;1;3;2;1640.22727395069
342;2014;2;2;2;2;2;2;1;2;2;1;8;3;4;1;2;6;9; ; ; ; ; ; ; ; ; ; ; ;17;1;1;2;882.712392487873
343;2014;1;2;1;2;1;2;1;1;2;1;1;4;8;6;2;1;4;8;10; ; ; ; ; ; ; ; ; ;23;1;2;2;1170.19667915577
350;2014;1;2;1;2;1;2;1;1;2;1;8;1;2;1;2;3;3;4;6;7;8; ; ; ; ; ; ; ;19;1;1;2;813.024572028304
353;2014;1;2;1;2;1;2;1;1;2;1;1;8; ;2;6;1;3;7;10; ; ; ; ; ; ; ; ; ;22;1;2;2;533.773923825437
355;2014;1;2;1;1;1;2;1;1;2;1;1;8; ;2;1;6;1;4;7; ; ; ; ; ; ; ; ; ;27;1;3;2;541.535353939275
356;2014;1;1;1;1;1;2;1;1;1;1;1;8; ;7;12;4;4;7;8;10;11; ; ; ; ; ; ; ;22;1;2;2;1011.09099032318
360;2014;1;1;1;1;2;2;1;1;1;1;1;8; ;2;12;14;1;3;4;5;6;7;8;9;10;15; ; ;26;1;3;2;1025.79293005805
361;2014;1;1;1;1;2;2;1;2;2;1;8;1; ;2;3; ;2;3;4;7;9;14; ; ; ; ; ; ;27;1;3;2;1052.24297965002
364;2014;2;2;1;1;2;2;1;2;2;1;9; ; ;2;1;6;2;5;7;14; ; ; ; ; ; ; ; ;29;1;3;2;1052.24297965002
365;2014;1;1;1;2;1;2;1;1;1;1;8;1; ;2;4;1;2;5;7;9;10;11;14;15; ; ; ; ;18;1;1;2;782.360540932083
366;2014;1;2;2;2;2;2;2;1;2;1;3; ; ;99; ; ;3;4; ; ; ; ; ; ; ; ; ; ;22;1;2;2;1486.17718545662
367;2014;2;1;1;2;2;2;1;2;2;1;1; ; ;99; ; ;2;3; ; ; ; ; ; ; ; ; ; ;27;1;3;2;1507.78719644972
371;2014;1;1;1;1;1;2;1;1;1;1;1; ; ;1;2; ;2;3;4; ; ; ; ; ; ; ; ; ;19;1;1;2;1383.44241994088
372;2014;2;1;1;2;2;2;1;2;2;1;1; ; ;1;2;4;2;3; ; ; ; ; ; ; ; ; ; ;29;1;3;2;1860.67356157626
374;2014;1;1;1;2;1;2;1;1;1;1;1; ; ;1;2;6;3;8; ; ; ; ; ; ; ; ; ; ;21;1;2;2;1834.00588843582
376;2014;2;1;1;2;1;2;1;2;2;1;2;1;4;1;2; ;3;4;10;14; ; ; ; ; ; ; ; ;21;1;2;2;1296.45243837705
380;2014;1;2;1;2;1;2;1;2;2;1;1;2;3;7;1;2;4;10; ; ; ; ; ; ; ; ; ; ;21;1;2;2;1296.45243837705
381;2014;1;1;1;1;1;2;1;1;1;1;1;8; ;1;5;9;4;10; ; ; ; ; ; ; ; ; ; ;24;1;2;2;942.299577161854
382;2014;1;1;1;2;2;2;1;1;1;1;1;2;8;99; ; ;1;4;5;7;10; ; ; ; ; ; ; ;28;1;3;2;956.001243706421
383;2014;1;2;2;2;2;2;2;2;2;1;3; ; ;2;6;3;3;4;8;14; ; ; ; ; ; ; ; ;17;1;1;2;710.803174383417
387;2014;1;2;1;1;1;2;1;2;2;1;1;8; ;5;1;2;3;4;7;8;10; ; ; ; ; ; ; ;27;1;3;2;1052.24297965002
389;2014;1;2;1;1;2;2;1;2;2;1;1; ; ;1;2;5;3;4;5;7;9;10; ; ; ; ; ; ;24;1;2;2;1037.16195070164
391;2014;1;2;1;2;2;2;1;2;2;1;1;2;8;1;13;4;1;2;3;4;10;14; ; ; ; ; ; ;29;1;3;2;808.430581926235
395;2014;2;1;1;2;1;2;1;2;2;1;1;2;8;4;2;3;1;2;3;4;5;7;8;10;14; ; ; ;21;1;2;2;796.843937734185
398;2014;1;1;1;2;2;1;2;1;1;1;1;6; ;99; ; ;10;11; ; ; ; ; ; ; ; ; ; ;27;1;3;2;1809.75445612866
400;2014;1;1;1;1;1;2;1;1;1;1;1; ; ;1;2;4;2;3;4;5;7;10; ; ; ; ; ; ;23;1;2;2;1783.81656928106
401;2014;1;1;1;2;1;2;1;1;1;1;2; ; ;99; ; ;4; ; ; ; ; ; ; ; ; ; ; ;24;1;2;2;1412.92401527213
404;2014;1;2;1;2;1;2;1;1;2;1;1;2; ;5;2; ;3;4;5; ; ; ; ; ; ; ; ; ;23;1;2;2;1412.92401527213
405;2014;1;1;1;2;2;2;1;1;1;1;1;2; ;1;2;3;2;3;4; ; ; ; ; ; ; ; ; ;19;1;1;2;1065.80847488324
409;2014;1;1;1;2;2;2;1;1;1;1;1; ; ;2;6;9;2;4;7; ; ; ; ; ; ; ; ; ;27;1;3;2;698.816077118988
410;2014;2;1;1;2;2;2;1;2;1;1;1;8; ;3;6; ;3;4; ; ; ; ; ; ; ; ; ; ;26;1;3;2;698.816077118988
411;2014;2;1;1;1;1;2;1;2;1;1;1; ; ;2;1;3;1;2;3;14; ; ; ; ; ; ; ; ;24;1;2;2;777.108208399672
416;2014;1;2;1;1;1;2;1;1;2;1;1;8; ;6;2;1;3; ; ; ; ; ; ; ; ; ; ; ;20;1;2;2;1377.60091489033
417;2014;1;1;1;1;1;2;1;1;1;1;1;4;8;2;3;5;3; ; ; ; ; ; ; ; ; ; ; ;16;1;1;2;1039.16326301116
423;2014;2;1;1;2;2;2;1;2;1;1;1;2;8;2;6; ;3; ; ; ; ; ; ; ; ; ; ; ;28;1;3;2;1487.22395899682
428;2014;1;2;1;1;1;2;1;1;2;1;1;8; ;2;1;5;2;3;5;7;8;9;10; ; ; ; ; ;24;1;2;2;1730.69130084037
430;2014;1;1;1;1;1;2;1;1;1;1;1;8; ;2;6;12;3;5;6;7;8;9; ; ; ; ; ; ;21;1;2;2;1730.69130084037
431;2014;1;1;1;2;1;2;1;1;1;1;1;2; ;2; ; ;3;5; ; ; ; ; ; ; ; ; ; ;26;1;3;2;772.285524220371
433;2014;2;1;1;1;1;2;1;2;1;1;1; ; ;6;1;2;5;8;9; ; ; ; ; ; ; ; ; ;25;1;3;2;772.285524220371
443;2014;2;1;1;2;2;2;1;2;1;1;8;7; ;2;1;5;3;4;5;14; ; ; ; ; ; ; ; ;28;1;3;2;961.714049029141
446;2014;1;2;1;1;1;2;1;1;2;1;1;4;5;2;6;1;3;8;9; ; ; ; ; ; ; ; ; ;19;1;1;2;1067.1590622893
447;2014;2;2;2;1;2;1;2;2;2;1;5;3;4;2;6;1;7;8; ; ; ; ; ; ; ; ; ; ;27;1;3;2;1435.28536105107
452;2014;1;2;1;1;1;1;2;2;2;1;1;4;5;1;6; ;4;6;7;9; ; ; ; ; ; ; ; ;26;1;3;2;947.142624043851
454;2014;1;2;1;2;2;2;1;1;2;1;1;2;8;2;1;6;3;5;7;9; ; ; ; ; ; ; ; ;25;1;3;2;947.142624043851
455;2014;1;1;1;2;2;2;1;1;1;1;1;8; ;2;6;1;2;3;4;5;6;7;8;10; ; ; ; ;23;1;2;2;933.567921615137
460;2014;1;2;1;2;1;2;1;1;2;1;1; ; ;2;3; ;4;6;7; ; ; ; ; ; ; ; ; ;24;1;2;2;890.480171386747
463;2014;1;1;2;2;1;1;1;1;1;1;3; ; ;1;2;3;1;2;3;4;10; ; ; ; ; ; ; ;15;1;1;2;1159.24893060868
464;2014;1;2;1;2;2;2;1;2;2;1;1; ; ;1;2;3;3;4;5; ; ; ; ; ; ; ; ; ;24;1;2;2;1536.79642481261
465;2014;1;1;1;1;1;2;1;1;1;1;1; ; ;99; ; ;2; ; ; ; ; ; ; ; ; ; ; ;25;1;3;2;1559.14247342603
466;2014;1;1;1;2;2;1;2;1;1;1;1;2;6;99; ; ;10; ; ; ; ; ; ; ; ; ; ; ;24;1;2;2;1335.72025708012
469;2014;2;2;2;2;2;2;1;2;2;1;2;5; ;1;2; ;2;3;7; ; ; ; ; ; ; ; ; ;28;1;3;2;1355.14252363197
474;2014;1;1;1;2;1;2;1;1;1;1;1;2;6;1;3;5;1;3;4;7;8;10;13;14; ; ; ; ;19;1;1;2;1199.99114655671
476;2014;1;2;1;2;2;2;1;1;2;1;1;2; ;1;2;5;2;3;4;7;8;10; ; ; ; ; ; ;22;1;2;2;1567.58421191145
478;2014;1;1;1;2;2;2;1;2;2;1;1; ; ;2;1;5;2;3;4;6;7;8;9;10; ; ; ; ;20;1;2;2;1567.58421191145
480;2014;1;1;1;2;1;2;1;1;1;1;1;2; ;1;2;4;4;7;10; ; ; ; ; ; ; ; ; ;25;1;3;2;1590.37793555593
481;2014;1;1;1;1;2;2;1;1;1;1;1;8; ;17; ; ;3;10; ; ; ; ; ; ; ; ; ; ;18;1;1;2;1331.37703851547
483;2014;2;1;1;2;1;2;1;2;2;1;8;1; ;2;6; ;3;8;10; ; ; ; ; ; ; ; ; ;18;1;1;2;1331.37703851547
484;2014;1;1;1;1;2;2;1;1;2;1;8;1; ;1;2; ;3;10; ; ; ; ; ; ; ; ; ; ;25;1;3;2;1790.64774966297
489;2014;1;2;1;2;2;2;1;2;2;1;1;2;8;1;6;2;2;3;4;5;6;7;8;9;10; ; ; ;25;1;3;2;1437.23043065055
497;2014;1;2;1;1;2;2;1;2;2;1;1;8; ;1;6;2;3; ; ; ; ; ; ; ; ; ; ; ;28;1;3;2;1605.1235468659
500;2014;2;1;1;2;1;2;1;2;1;1;8;1; ;2;6;1;3; ; ; ; ; ; ; ; ; ; ; ;22;1;2;2;1582.11848516041
501;2014;1;1;1;1;1;2;1;1;1;1;1;2;8;1;20;16;3; ; ; ; ; ; ; ; ; ; ; ;27;1;3;2;997.576783799836
507;2014;1;1;1;1;2;2;1;1;1;1;1;8; ;2;18; ;2; ; ; ; ; ; ; ; ; ; ; ;20;1;2;2;1315.96771195586
508;2014;1;1;1;1;2;1;2;1;1;1;1; ; ;21;2;5;2; ; ; ; ; ; ; ; ; ; ; ;22;1;2;2;1315.96771195586
509;2014;2;1;1;2;2;2;1;2;1;1;1;2;8;2;1;6;3; ; ; ; ; ; ; ; ; ; ; ;27;1;3;2;1335.10276328098
513;2014;1;1;1;1;1;2;1;1;1;1;1;2;8;1;8;2;10; ; ; ; ; ; ; ; ; ; ; ;28;1;3;2;1365.1050725682
515;2014;1;1;1;1;1;2;1;1;1;1;1;8;2;21;17; ;10; ; ; ; ; ; ; ; ; ; ; ;22;1;2;2;1345.5400200897
516;2014;1;2;2;1;2;1;2;1;2;1;3;4; ;2;1;6;3;5;7; ; ; ; ; ; ; ; ; ;24;1;2;2;1160.7130942532
518;2014;1;2;1;1;2;1;2;2;2;1;1; ; ;1;2;6;3;5;7;8;9;14; ; ; ; ; ; ;18;1;1;2;875.558656651993
519;2014;1;1;1;1;1;2;1;2;2;1;1; ; ;1;2;6;2;3;5;7;8;10;14;15; ; ; ; ;28;1;3;2;1177.59063952312
522;2014;1;2;1;2;2;2;1;1;2;1;1;8; ;1;2;9;3;4;5;7;8;10;15; ; ; ; ; ;24;1;2;2;1138.53386315282
526;2014;1;1;1;2;2;2;1;1;1;1;1;4;5;1;2;3;3;4;5;7;8;9;10;11;13;14;15; ;16;1;1;2;786.329748967714
527;2014;1;2;1;1;2;2;1;1;2;1;1;4;5;1;2;9;1;2;3;4;5;8;10;12;14;15; ; ;28;1;3;2;1057.58140237426
528;2014;2;2;2;2;2;2;1;2;2;1;3; ; ;2;4;6;3;4;7;10;14;15; ; ; ; ; ; ;19;1;1;2;786.329748967714
532;2014;2;2;2;2;2;2;1;2;2;1;8;1;2;1;2;3;3;4;7;10; ; ; ; ; ; ; ; ;23;1;2;2;2376.65372133417
533;2014;1;1;1;1;1;2;1;1;1;1;8;1;2;1;2;3;2;3;4;5;7;8;9;10; ; ; ; ;16;1;1;2;1792.77700051893
534;2014;1;2;1;1;1;2;1;1;2;1;8;1;2;1;2;4;3;4;6;7;8; ; ; ; ; ; ; ;25;1;3;2;2411.21185716577
538;2014;1;2;1;2;1;2;1;1;2;1;1;8; ;1;2;6;3; ; ; ; ; ; ; ; ; ; ; ;24;1;2;2;1674.46057639453
539;2014;1;1;1;2;1;2;1;1;1;1;1;2;8;2;1;6;3; ; ; ; ; ; ; ; ; ; ; ;27;1;3;2;1698.80835391225
540;2014;1;1;1;1;2;2;1;1;1;1;1;2;8;3;2;2;3; ; ; ; ; ; ; ; ; ; ; ;26;1;3;2;1698.80835391225
541;2014;1;1;1;1;1;2;1;1;1;1;1;8; ;1;2;4;3;4;7;10;14; ; ; ; ; ; ; ;22;1;2;2;3065.34315194804
542;2014;1;2;1;1;1;2;1;1;2;1;1;8; ;2;1;4;3;4;5;14; ; ; ; ; ; ; ; ;21;1;2;2;3065.34315194804
549;2014;2;1;1;2;2;1;2;2;1;1;1; ; ;2;1;6;4;5;7;14; ; ; ; ; ; ; ; ;19;1;1;2;1008.4370627919
251;2014;1;2;1;2;2;1;2;2;2;1;1;4;3;5;2; ;3;4;7; ; ; ; ; ; ; ; ; ;18;1;1;2;1389.67989019377
257;2014;2;1;1;2;2;2;2;2;1;1;1;6;4;1;2;3;3;4;5;7;10; ; ; ; ; ; ; ;18;1;1;2;573.144813469747
265;2014;1;1;1;2;2;1;2;2;1;1;1;8;4;3;2;1;3; ; ; ; ; ; ; ; ; ; ; ;17;1;1;2;757.650335614117
272;2014;1;1;1;1;1;2;1;1;1;1;1;3; ;2;1;2;2;5;9;11; ; ; ; ; ; ; ; ;20;1;2;2;83.2666574359349
277;2014;1;1;1;2;1;2;1;1;1;1;1; ; ;2; ; ;2;3;4;5;7;10;11;14; ; ; ; ;17;1;1;2;506.408773545187
288;2014;2;1;1;2;2;2;1;2;1;1;8;6;1;1;2;4;3;4;7;10; ; ; ; ; ; ; ; ;22;1;2;2;1098.07904493639
305;2014;1;1;1;1;1;2;1;1;1;1;1;4;6;1;2;5;2;3;7; ; ; ; ; ; ; ; ; ;17;1;1;2;710.542542726193
311;2014;1;1;1;1;2;2;1;1;1;1;1;4;8;1;2;6;3;4;5;7;10;11;12;15; ; ; ; ;20;1;2;2;1437.08364106848
320;2014;1;1;1;2;1;2;1;1;1;1;1;4;8;3;17;1;1;3;4;5;8;9;10;11;12;14;15; ;15;1;1;2;553.631018095464
322;2014;2;1;2;2;2;1;2;2;2;1;3;4;6;1;2;5;3;7;8; ; ; ; ; ; ; ; ; ;15;1;1;2;723.9790236633
330;2014;2;1;2;2;2;1;2;2;2;1;4;3;8;1;2;6;2;3;7;10; ; ; ; ; ; ; ; ;15;1;1;2;452.970832987198
333;2014;1;1;1;1;2;2;1;1;1;1;1;8; ;1;2; ;5;11;14; ; ; ; ; ; ; ; ; ;15;1;1;2;433.613105081762
348;2014;1;1;1;2;2;2;1;1;1;1;1;6; ;2;3;7;2;3;4;5;7;8;9;11; ; ; ; ;15;1;1;2;813.024572028304
352;2014;1;2;1;1;1;2;1;1;2;1;1;3;4;1;2;6;3;7; ; ; ; ; ; ; ; ; ; ;20;1;2;2;533.773923825437
368;2014;1;1;1;1;2;2;1;1;1;1;6; ; ;2;4; ;3; ; ; ; ; ; ; ; ; ; ; ;18;1;1;2;1121.06540926244
378;2014;1;2;1;2;2;2;1;2;2;1;1;3;4;1;2;4;1;2;3;4;14; ; ; ; ; ; ; ;18;1;1;2;977.950676165104
388;2014;1;1;1;2;2;2;2;2;1;1;1;4; ;1;2;3;3;4;5;7;14; ; ; ; ; ; ; ;18;1;1;2;782.360540932083
399;2014;1;1;1;2;2;2;1;1;1;1;1;6; ;2;2;4;2;3;4;7; ; ; ; ; ; ; ; ;19;1;1;2;1345.58319954009
414;2014;1;1;1;1;1;2;1;1;1;1;1;6; ;1;2;3;2;3;5;7;15; ; ; ; ; ; ; ;16;1;1;2;586.19466118578
418;2014;1;1;1;1;1;2;1;2;2;1;1;8; ;2;3;6;3; ; ; ; ; ; ; ; ; ; ; ;15;1;1;2;1039.16326301116
425;2014;1;1;1;1;2;2;1;1;1;1;1;8; ;2;6; ;3; ; ; ; ; ; ; ; ; ; ; ;15;1;1;2;1105.77629269136
426;2014;1;1;1;2;2;2;1;1;2;1;1;8; ;2;1;8;3;5;11; ; ; ; ; ; ; ; ; ;16;1;1;2;1305.50930970417
432;2014;1;1;1;2;1;1;2;1;1;1;1; ; ;2;6; ;3;8;9;14; ; ; ; ; ; ; ; ;15;1;1;2;574.207414226729
451;2014;1;1;1;1;2;2;1;2;2;1;1;8; ;2;1;6;3;5;7;8; ; ; ; ; ; ; ; ;18;1;1;2;704.216640089385
456;2014;2;1;1;2;2;2;1;2;1;1;1;6; ;2;3; ;3;5;7; ; ; ; ; ; ; ; ; ;15;1;1;2;671.714333623721
472;2014;1;1;1;1;1;2;1;1;1;1;1;6; ;1;2;4;3;5;7;10;14; ; ; ; ; ; ; ;20;1;2;2;1590.80768171755
490;2014;1;1;1;1;1;2;1;1;1;1;1;4;6;3;6;1;3;9;11;14; ; ; ; ; ; ; ; ;15;1;1;2;1068.60525459795
491;2014;1;1;1;2;2;1;2;2;2;1;1; ; ;1;4;6;2;3;4;7;8;9;10; ; ; ; ; ;17;1;1;2;1340.13609797939
495;2014;1;1;1;2;1;2;1;1;1;1;1;8; ;1;4;2;2;3;4;5;6;7;8;9;10;11; ; ;16;1;1;2;1340.13609797939
496;2014;1;1;1;1;1;2;1;1;1;1;8;1; ;2;6; ;3; ; ; ; ; ; ; ; ; ; ; ;19;1;1;2;1193.43664027724
502;2014;1;2;1;1;2;1;2;1;2;1;1; ; ;2;6; ;3; ; ; ; ; ; ; ; ; ; ; ;17;1;1;2;741.715295125574
504;2014;1;1;1;1;1;2;1;1;1;1;1;6;8;2;17; ;3; ; ; ; ; ; ; ; ; ; ; ;17;1;1;2;741.715295125574
254;2014;2;2;2;2;2;2;1;2;2;1;8; ; ;4;2;6;4;9;14; ; ; ; ; ; ; ; ; ;21;2;2;2;1997.73021839532
255;2014;1;2;1;2;2;2;1;1;2;1;1;4;8;1;2;9;2;3;4;10; ; ; ; ; ; ; ; ;29;2;3;2;1689.81720032045
256;2014;2;1;1;2;1;2;1;2;1;1;1;8;2;2;1;6;2;3;4;5;6;7;10; ; ; ; ; ;23;2;2;2;823.922632445526
259;2014;1;1;1;2;1;1;2;1;1;1;1;4;6;1;2;5;3;4;7;10; ; ; ; ; ; ; ; ;29;2;3;2;696.930257759283
261;2014;1;1;1;2;2;2;1;1;1;1;1;2;6;2;3;9;1;2;3;4;5;6;7;8;10;11;14;15;23;2;2;2;1089.15800042457
263;2014;1;1;1;2;2;2;1;1;1;1;3;4; ;1;6;7;2;3;4;5;7;8;10;12;15; ; ; ;26;2;3;2;921.284518818778
270;2014;1;1;1;2;1;1;2;1;1;1;3; ; ;1;2;9;3;7;10; ; ; ; ; ; ; ; ; ;27;2;3;2;477.349491615947
271;2014;2;1;1;2;1;2;1;2;1;1;1;2;5;1;2;2;2;8;13; ; ; ; ; ; ; ; ; ;29;2;3;2;76.3759186585515
274;2014;2;1;1;2;1;2;1;2;1;1;1;3;5;1;2;2;3;5;8; ; ; ; ; ; ; ; ; ;27;2;3;2;76.3759186585515
278;2014;2;2;1;2;2;1;2;2;2;1;5; ; ;99; ; ;2;3;4; ; ; ; ; ; ; ; ; ;26;2;3;2;615.780844184572
282;2014;1;1;1;2;2;2;1;1;1;1;1;8; ;1;2;5;3;4;6;7; ; ; ; ; ; ; ; ;23;2;2;2;1235.88394866829
283;2014;2;1;1;2;2;2;2;2;1;1;1;3;4;2;1;5;2;3;4;6;7;8;9; ; ; ; ; ;24;2;2;2;1139.71237365436
287;2014;1;2;1;2;2;1;2;2;2;1;2;4;3;1;2;5;2;3;4; ; ; ; ; ; ; ; ; ;26;2;3;2;1007.20742730965
290;2014;2;2;2;2;1;2;2;2;2;2; ; ; ; ; ; ; ; ; ; ; ; ; ; ; ; ; ; ;29;2;3;2;1007.20742730965
291;2014;1;1;1;2;2;2;1;2;2;1;1; ; ;1;2;4;2;4;10; ; ; ; ; ; ; ; ; ;29;2;3;2;1222.01469853682
296;2014;1;1;1;2;1;2;1;1;1;1;1;2;5;1;2;2;3;10; ; ; ; ; ; ; ; ; ; ;19;2;1;2;817.919112545154
299;2014;2;1;1;2;1;2;1;2;1;1;1;2; ;2;4;2;3;5;10; ; ; ; ; ; ; ; ; ;26;2;3;2;911.737528986459
301;2014;2;2;2;2;2;2;2;2;2;1;3; ; ;1;2;6;2;3;4;7;8;10;11; ; ; ; ; ;18;2;1;2;775.096122359544
303;2014;2;2;2;2;2;2;1;2;2;2; ; ; ; ; ; ; ; ; ; ; ; ; ; ; ; ; ; ;24;2;2;2;1021.43833200439
306;2014;2;2;2;2;2;2;2;2;2;2; ; ; ; ; ; ; ; ; ; ; ; ; ; ; ; ; ; ;29;2;3;2;978.566457812692
307;2014;1;1;1;2;2;2;2;2;2;1;1; ; ;1;2;4;4;6;7;9;10; ; ; ; ; ; ; ;23;2;2;2;1156.87766884475
309;2014;1;2;1;2;2;2;1;2;2;1;1;2; ;1;6;2;2;3;4;5;6;7; ; ; ; ; ; ;19;2;1;2;877.871298805008
312;2014;1;1;1;1;1;2;1;1;1;1;1;4; ;1;6;2;1;3;4;5;6;8;10;11;15; ; ; ;28;2;3;2;1318.15767145726
313;2014;2;1;1;2;1;2;1;2;1;1;1;2;4;1;6; ;4;5;7;8;10;11;12;14;15; ; ; ;24;2;2;2;1558.34809373488
316;2014;1;1;1;2;2;2;1;1;2;1;1;8;4;1;2;13;1;3;4;5;6;7;8;9;10;11;12;13;24;2;2;2;795.870633586026
318;2014;2;1;1;2;2;2;1;2;1;1;1;4;8;1;2;6;3;4;5;6;7;8;9;10;11;12;14;15;26;2;3;2;673.201953637103
321;2014;1;1;1;2;2;1;2;1;1;1;1; ; ;1;5;2;3;7;10; ; ; ; ; ; ; ; ; ;29;2;3;2;880.341016294673
326;2014;1;2;1;1;2;1;2;1;2;1;1; ; ;1;5;2;3;5;8; ; ; ; ; ; ; ; ; ;29;2;3;2;550.801598430357
327;2014;1;2;2;2;1;2;1;1;2;1;3;8; ;2;5;1;3;7;9; ; ; ; ; ; ; ; ; ;23;2;2;2;651.16688202493
329;2014;2;2;1;2;2;2;1;2;2;1;4;3;8;1;2;6;2;3;4;6;7;10; ; ; ; ; ; ;23;2;2;2;600.495664303617
331;2014;1;2;1;2;1;2;1;1;2;1;1;8; ;2;1;6;3;5;10; ; ; ; ; ; ; ; ; ;24;2;2;2;623.33923749395
340;2014;2;2;2;2;2;2;1;2;2;1;3; ; ;5;2;6;2;3;7; ; ; ; ; ; ; ; ; ;24;2;2;2;1753.14160545174
344;2014;1;2;1;1;2;2;1;1;2;1;1;3;8;1;5;2;4;7;13; ; ; ; ; ; ; ; ; ;25;2;3;2;1073.35696104377
347;2014;1;1;1;2;2;2;1;1;1;1;1;6;2;1;2;6;3;4;5;7;10;11; ; ; ; ; ; ;29;2;3;2;988.618253592948
349;2014;1;1;1;2;2;2;1;1;1;1;1;2;6;2;4; ;2;3;4;5;7;9; ; ; ; ; ; ;23;2;2;2;1168.76107030116
351;2014;1;2;1;2;1;2;1;1;2;1;1;3;4;2;3;1;2;3;11; ; ; ; ; ; ; ; ; ;16;2;1;2;439.221099156488
354;2014;2;2;1;2;2;2;1;2;2;1;8;7;3;2;1;6;4;10;13; ; ; ; ; ; ; ; ; ;27;2;3;2;489.601420826984
357;2014;1;1;1;2;2;1;2;2;1;1;1; ; ;4;6;14;3;4;5;8;9;10;14; ; ; ; ; ;21;2;2;2;1096.40919452061
358;2014;2;1;1;2;2;2;1;2;2;1;1;8; ;6;9;4;1;2;3;4;5;6;7;8;10;11;13;14;25;2;3;2;927.418075989575
359;2014;2;2;2;1;2;2;1;2;2;1;3; ; ;2;5; ;2;3;4;5;7;9;14;15; ; ; ; ;19;2;1;2;831.986120517579
362;2014;1;1;1;1;2;2;1;1;1;1;1;2;8;2;4;1;2;4;5;7;10;14; ; ; ; ; ; ;25;2;3;2;951.331531993824
370;2014;2;2;2;2;2;2;1;2;2;1;3; ; ;2; ; ;2;3; ; ; ; ; ; ; ; ; ; ;25;2;3;2;1363.18847572286
377;2014;2;2;2;2;2;2;1;2;2;1;3;8; ;2;13;1;3;5;6;14; ; ; ; ; ; ; ; ;27;2;3;2;1189.16441499228
379;2014;1;2;1;1;2;2;1;2;2;1;1;5;8;2;6;1;4;6;10;14; ; ; ; ; ; ; ; ;23;2;2;2;1405.85010379819
384;2014;2;1;1;2;2;2;1;2;1;1;1;8;2;2;1;14;1;2;3;4;5;7;10;11;13;14;15; ;23;2;2;2;1021.81300227283
385;2014;2;2;2;1;1;2;1;2;2;1;8; ; ;6;1;2;2;3;4;5;6;10;11;14; ; ; ; ;29;2;3;2;864.319501628536
390;2014;1;2;1;2;2;2;1;1;2;1;1;8;4;1;2; ;1;2;3;4;5;7;8;9;10;11;14;15;26;2;3;2;951.331531993824
393;2014;2;1;1;2;1;2;1;2;2;1;1;2;7;2;4;6;2;4;10;12;14; ; ; ; ; ; ; ;26;2;3;2;730.901055068426
394;2014;1;2;1;2;1;2;1;2;2;1;1;3;4;13;1;2;10; ; ; ; ; ; ; ; ; ; ; ;19;2;1;2;655.690835699671
396;2014;1;1;1;2;2;2;1;2;1;1;1; ; ;1;2;3;1;2;3;5; ; ; ; ; ; ; ; ;28;2;3;2;1636.19668895692
397;2014;1;1;1;2;2;2;1;1;1;1;1; ; ;2; ; ;1;2;3;5;12; ; ; ; ; ; ; ;21;2;2;2;1934.33915109146
402;2014;1;2;1;2;2;2;1;1;2;1;1; ; ;2; ; ;3;7; ; ; ; ; ; ; ; ; ; ;28;2;3;2;1295.99737739162
403;2014;1;1;1;2;1;2;1;1;1;1;1;2;6;1;2;3;1;2;3;7; ; ; ; ; ; ; ; ;26;2;3;2;1295.99737739162
406;2014;1;1;1;1;1;2;1;1;1;1;1;2; ;2;3;4;2;3;4;7; ; ; ; ; ; ; ; ;26;2;3;2;631.798721478416
407;2014;2;2;2;2;2;2;1;2;2;1;3; ; ;2;3; ;3;4; ; ; ; ; ; ; ; ; ; ;22;2;2;2;746.923038540266
412;2014;1;1;1;1;1;2;1;1;1;1;1;6; ;2;3;4;3;4;5;6; ; ; ; ; ; ; ; ;20;2;2;2;842.682402455685
413;2014;2;2;2;2;2;1;2;2;2;2; ; ; ; ; ; ; ; ; ; ; ; ; ; ; ; ; ; ;26;2;3;2;712.798557565392
419;2014;1;1;1;1;1;2;1;1;1;1;1;2;8;2;4;6;3; ; ; ; ; ; ; ; ; ; ; ;29;2;3;2;1263.59744295683
420;2014;2;1;1;2;2;2;1;2;1;1;1;8; ;2;4; ;3; ; ; ; ; ; ; ; ; ; ; ;23;2;2;2;1493.84607708053
421;2014;1;1;1;2;2;2;1;1;1;1;1;2;8;2;1;6;5; ; ; ; ; ; ; ; ; ; ; ;28;2;3;2;1344.59727904381
422;2014;2;1;1;1;1;2;1;2;1;1;1;8; ;2;6; ;3; ; ; ; ; ; ; ; ; ; ; ;19;2;1;2;1206.23729773273
427;2014;1;2;1;2;2;2;1;1;2;1;1;8; ;2;1;12;2;4;5;8; ; ; ; ; ; ; ; ;26;2;3;2;1587.46780627946
429;2014;1;1;1;2;1;2;1;1;1;1;1;8; ;1;2;6;2;3;7;9;10; ; ; ; ; ; ; ;22;2;2;2;1876.73104921219
434;2014;1;1;1;2;2;2;1;1;1;1;1;8; ;1;2; ;2;3;4;5;6;7;9;11; ; ; ; ;17;2;1;2;626.374795926532
436;2014;1;2;1;2;2;2;1;1;2;1;1;8; ;1;2; ;3;4;5;8;9; ; ; ; ; ; ; ;28;2;3;2;1132.96457543596
438;2014;1;1;1;1;2;2;1;1;1;1;1;4;5;6;5;2;3;4;7; ; ; ; ; ; ; ; ; ;22;2;2;2;1339.40971147094
439;2014;2;1;1;2;2;1;2;2;1;1;1;4;5;4;1;6;4;7;10;11; ; ; ; ; ; ; ; ;26;2;3;2;1132.96457543596
440;2014;2;2;2;2;2;1;2;2;2;2; ; ; ; ; ; ; ; ; ; ; ; ; ; ; ; ; ; ;25;2;3;2;1132.96457543596
441;2014;1;2;2;2;1;2;1;1;2;1;8; ; ;2;4;6;3;4;14; ; ; ; ; ; ; ; ; ;28;2;3;2;869.484441613646
442;2014;1;1;1;1;1;2;1;1;1;1;1;2;8;2;4;1;3;4;5;10;14; ; ; ; ; ; ; ;19;2;1;2;780.013896814172
444;2014;2;2;2;2;1;1;2;2;2;2; ; ; ; ; ; ; ; ; ; ; ; ; ; ; ; ; ; ;20;2;2;2;1027.9190808963
445;2014;1;1;1;1;1;2;1;1;1;1;1;8;6;1;2;12;2;4;5;8;10;14; ; ; ; ; ; ;22;2;2;2;1027.9190808963
449;2014;1;1;1;2;1;2;1;1;1;1;1;2;4;2;1;6;4;6;7;8; ; ; ; ; ; ; ; ;19;2;1;2;1164.11164903327
453;2014;1;2;1;2;1;2;1;1;2;1;1;5;4;1;2;6;6;8;14; ; ; ; ; ; ; ; ; ;24;2;2;2;1012.34454936757
457;2014;1;1;1;2;2;2;1;1;1;1;1; ; ;1;2; ;3;4;7;11; ; ; ; ; ; ; ; ;28;2;3;2;816.788414849183
459;2014;1;1;1;2;2;2;1;1;1;1;1;2; ;2;3; ;2;3;4; ; ; ; ; ; ; ; ; ;24;2;2;2;965.620954781373
461;2014;1;1;1;1;1;2;1;1;1;1;1;2; ;2;9; ;10; ; ; ; ; ; ; ; ; ; ; ;27;2;3;2;1409.6187159494
462;2014;1;1;1;1;1;2;1;1;1;1;1; ; ;2;1; ;3;7; ; ; ; ; ; ; ; ; ; ;19;2;1;2;1264.56798422904
475;2014;1;1;1;2;1;2;1;1;1;1;1;2;6;1;2;3;4;5;7;10;14; ; ; ; ; ; ; ;25;2;3;2;1459.16026704614
482;2014;1;1;1;1;2;2;1;1;1;1;8;1; ;2;3;1;2;3;4;5;10;11; ; ; ; ; ; ;21;2;2;2;1913.9171263025
485;2014;2;2;2;2;1;2;2;2;2;2; ; ; ; ; ; ; ; ; ; ; ; ; ; ; ; ; ; ;22;2;2;2;1913.9171263025
488;2014;1;1;1;2;2;2;1;2;2;1;1;2;8;1;5;6;2;3;4;5;7;8;9;10;15; ; ; ;29;2;3;2;1299.39819401189
492;2014;1;1;1;2;2;2;1;2;1;1;1;8; ;1;3;4;3;7;8;10;14; ; ; ; ; ; ; ;20;2;2;2;1926.50868634396
493;2014;1;1;1;2;1;1;2;1;1;1;1; ; ;1;2;5;3;4;5;7;8;10;11;14; ; ; ; ;21;2;2;2;1926.50868634396
494;2014;1;2;1;2;2;2;1;2;2;1;1;2; ;1;2;5;2;3;4;5;8;9;10;14;15; ; ; ;20;2;2;2;1926.50868634396
498;2014;1;1;1;2;2;2;1;1;1;1;8;1; ;2;6;5;3; ; ; ; ; ; ; ; ; ; ; ;15;2;1;2;1301.86168531382
499;2014;1;1;1;2;2;2;1;1;1;1;1;8;2;2;5; ;3; ; ; ; ; ; ; ; ; ; ; ;23;2;2;2;1451.1901456327
503;2014;1;1;1;2;1;2;1;1;1;1;1;2;8;2;1;6;2; ; ; ; ; ; ; ; ; ; ; ;26;2;3;2;901.907894248361
505;2014;2;1;1;2;2;1;2;2;1;1;3;4;5;2;6; ;2; ; ; ; ; ; ; ; ; ; ; ;25;2;3;2;901.907894248361
510;2014;1;1;1;1;1;2;1;1;1;1;1;8;4;2;18; ;2; ; ; ; ; ; ; ; ; ; ; ;21;2;2;2;1427.01212145058
517;2014;1;1;1;1;2;2;1;1;1;1;1;2; ;1;2;5;1;3;4;5;6;7;8;14;15; ; ; ;29;2;3;2;1064.65819095483
520;2014;1;1;1;1;1;2;1;1;1;1;1;3; ;1;2;3;3;4;5;6;7;8;9;10;12;14;15; ;25;2;3;2;1064.65819095483
521;2014;1;1;1;2;2;2;1;1;1;1;1;4;8;1;2;6;2;3;4;5;7;8;10;14;15; ; ; ;22;2;2;2;1234.60599271567
523;2014;1;2;1;2;2;2;1;1;2;1;1;8; ;1;2;9;2;3;4;6;7;8;10;14; ; ; ; ;25;2;3;2;1044.31440386652
525;2014;1;1;1;2;1;2;1;1;1;1;1;6;8;1;2;5;1;3;4;5;7;8;10;13;14;15; ; ;19;2;1;2;936.853736160414
530;2014;1;2;1;2;1;2;1;1;2;1;1;4;5;1;2; ;2;3;4;5;10;14; ; ; ; ; ; ;24;2;2;2;1130.38600631759
531;2014;1;1;1;2;1;2;1;1;1;1;8;1;2;1;2;5;4;5;6;7;10; ; ; ; ; ; ; ;22;2;2;2;2577.2012778291
535;2014;1;1;1;2;1;2;1;1;1;1;1;2;8;1;2;4;3;4;5;6;7;10; ; ; ; ; ; ;26;2;3;2;2179.97355591969
536;2014;2;1;1;2;1;2;1;2;1;1;1;2;8;5;2;4;3; ; ; ; ; ; ; ; ; ; ; ;24;2;2;2;1815.75544574323
543;2014;2;1;1;2;1;2;1;2;1;1;1;8; ;2;6;1;3;4;14; ; ; ; ; ; ; ; ; ;23;2;2;2;3324.0039208364
544;2014;1;1;1;2;1;2;1;1;1;1;1;4;8;2;1;4;3;4;5;10; ; ; ; ; ; ; ; ;22;2;2;2;3324.0039208364
545;2014;2;1;1;2;1;2;1;2;1;1;4;6;8;1;2;6;3;4;14; ; ; ; ; ; ; ; ; ;17;2;1;2;2522.34762395538
546;2014;1;1;1;1;1;2;1;1;1;1;1;8; ;1;2;4;3;4;7;10;14; ; ; ; ; ; ; ;27;2;3;2;1226.23512520483
547;2014;1;1;1;2;1;2;1;1;1;1;1;8; ;2;1;3;2;3;4;10;14; ; ; ; ; ; ; ;17;2;1;2;1100.05469062371
548;2014;1;1;1;2;1;2;1;1;1;1;1;8; ;1;2;6;3;4;5;7;10;14; ; ; ; ; ; ;29;2;3;2;1226.23512520483
550;2014;1;1;1;1;1;2;1;1;1;1;1;2;8;2;1;3;3; ; ; ; ; ; ; ; ; ; ; ;27;2;3;2;1226.23512520483
260;2014;1;1;1;1;2;2;1;1;1;1;1;8;6;2;1;7;3;4;6;7;8;10; ; ; ; ; ; ;17;2;1;2;625.215656709908
262;2014;2;1;1;2;2;2;1;2;2;1;1;8; ;2; ; ;3;10; ; ; ; ; ; ; ; ; ; ;18;2;1;2;826.483710582276
266;2014;1;1;1;2;1;2;1;2;1;1;1;6;3;2;6;9;3;7;9; ; ; ; ; ; ; ; ; ;16;2;1;2;428.229901856102
273;2014;2;1;1;2;1;1;2;2;1;1;1;3; ;2;5; ;2;8;10; ; ; ; ; ; ; ; ; ;16;2;1;2;68.5167842969763
279;2014;1;1;1;1;1;2;1;1;1;1;1; ; ;2;4;5;2;3;5;6; ; ; ; ; ; ; ; ;18;2;1;2;552.416573394371
280;2014;1;1;1;1;2;2;1;1;1;1;1;6; ;2;3;4;2;3;5;6;7;8;9;10; ; ; ; ;20;2;2;2;727.986435516938
284;2014;1;2;1;2;2;2;1;1;2;1;1;4;6;1;2;3;3;4;6;7; ; ; ; ; ; ; ; ;16;2;1;2;937.823485064862
285;2014;2;1;1;1;2;1;2;2;1;1;1;6;8;6;1;2;3;4;8;11; ; ; ; ; ; ; ; ;20;2;2;2;1235.88394866829
294;2014;1;1;1;2;1;2;1;2;2;1;1; ; ;2;1;6;2;3;4;5;6;7;8;9;10;11; ; ;18;2;1;2;1096.26854875162
302;2014;1;1;1;2;2;2;1;1;1;1;1;4;1;1;2;3;3;4;5;6;7;8;9;10;11; ; ; ;16;2;1;2;775.096122359544
319;2014;1;1;1;2;2;2;1;1;1;1;1;8;4;1;4;2;1;3;4;6;7;8;10;11;12;14;15; ;19;2;1;2;603.929011340171
324;2014;1;2;1;1;2;2;2;2;2;1;1;4;8;5;3;1;2;3;4;5;7;9;14; ; ; ; ; ;17;2;1;2;789.753322521762
328;2014;1;1;1;1;2;2;1;1;1;1;1;6;8;2;5;6;3;7;8; ; ; ; ; ; ; ; ; ;15;2;1;2;494.123736551049
334;2014;2;1;1;2;1;2;1;2;1;1;6;8; ;2;6; ;3;5;7;11; ; ; ; ; ; ; ; ;16;2;1;2;473.007337553141
336;2014;2;2;2;2;2;1;2;2;2;1;3; ; ;2;5;1;3; ; ; ; ; ; ; ; ; ; ; ;25;2;3;2;1482.92738038942
338;2014;2;1;2;2;2;1;2;2;2;1;3; ; ;1;2;5;2;14; ; ; ; ; ; ; ; ; ; ;18;2;1;2;1330.33313686821
341;2014;1;1;1;1;1;2;1;1;1;1;1;8;4;2;1;6;4;7;11; ; ; ; ; ; ; ; ; ;23;2;2;2;1268.94059061268
345;2014;1;2;1;2;2;1;2;1;2;1;1;4;3;2;6;1;4;10;11; ; ; ; ; ; ; ; ; ;19;2;1;2;962.907794304609
346;2014;1;1;2;2;2;2;2;2;2;1;6; ; ;99; ; ;10;11; ; ; ; ; ; ; ; ; ; ;16;2;1;2;886.88875791214
363;2014;1;1;1;1;2;2;1;2;1;1;1;4;8;3;2;1;2;3;10;11; ; ; ; ; ; ; ; ;17;2;1;2;853.438865513857
369;2014;1;1;1;1;1;2;1;1;1;1;6; ; ;99; ; ;2;4;5; ; ; ; ; ; ; ; ; ;18;2;1;2;1222.9154475351
373;2014;1;2;1;2;2;2;1;1;2;1;1; ; ;2;5;8;2;3;4;6;7;8; ; ; ; ; ; ;20;2;2;2;1988.7635614706
375;2014;1;1;1;2;1;1;1;1;1;1;1;6; ;3;2;1;3;4;5;5;7; ; ; ; ; ; ; ;17;2;1;2;1509.12970121353
386;2014;1;1;1;2;2;2;1;2;1;1;1;8; ;3;2;1;3;4;5;7;8;10;11;14; ; ; ; ;15;2;1;2;853.438865513857
392;2014;2;1;1;2;2;2;1;2;2;1;1;4;8;4;1;2;1;2;4;10;14; ; ; ; ; ; ; ;24;2;2;2;864.083478432056
408;2014;1;1;1;1;1;2;1;1;1;1;1;6; ;1;2;3;2;3;4;5;11; ; ; ; ; ; ; ;16;2;1;2;566.786200139474
415;2014;1;1;1;1;1;2;1;1;1;1;1;6; ;2;3;5;2;3;4;5;7;8;12; ; ; ; ; ;21;2;2;2;842.682402455685
424;2014;2;1;1;2;2;2;1;2;1;1;1;8; ;6;2; ;3; ; ; ; ; ; ; ; ; ; ; ;17;2;1;2;1206.23729773273
435;2014;1;1;1;2;1;2;1;1;1;1;1;8; ;2;3;5;2;3;4;5;6;7;9;10; ; ; ; ;18;2;1;2;626.374795926532
437;2014;2;1;1;2;2;2;1;2;1;1;1;3;4;2;1;6;2;3;7; ; ; ; ; ; ; ; ; ;20;2;2;2;1339.40971147094
448;2014;1;1;1;1;1;2;1;1;2;1;1;4;5;2;1;6;3;7;11; ; ; ; ; ; ; ; ; ;15;2;1;2;1164.11164903327
450;2014;1;1;1;1;1;2;1;1;1;1;1;4;5;2;1;6;1;7;11; ; ; ; ; ; ; ; ; ;16;2;1;2;1164.11164903327
458;2014;1;1;1;1;1;2;1;2;2;1;1;6; ;99; ; ;4;6; ; ; ; ; ; ; ; ; ; ;17;2;1;2;732.740327310283
467;2014;1;1;1;1;1;2;1;1;1;1;1; ; ;2;3;4;2;3;4;7; ; ; ; ; ; ; ; ;21;2;2;2;1448.43143217206
468;2014;1;1;1;2;2;2;1;1;1;1;1; ; ;1;2; ;2;3;4;5; ; ; ; ; ; ; ; ;27;2;3;2;1225.18262227377
470;2014;1;1;1;2;2;2;1;1;1;1;1;6; ;1;2;3;3;4;7;9; ; ; ; ; ; ; ; ;19;2;1;2;1099.11049096542
471;2014;1;1;1;2;1;2;1;1;1;1;1; ; ;1;2; ;3;4;5;7;8;10;15; ; ; ; ; ;18;2;1;2;1309.01167577281
473;2014;1;1;1;2;1;2;1;1;1;1;1;4;6;1;2;6;3;5;7;8;9;10;11;14;15; ; ; ;20;2;2;2;1725.04372568054
477;2014;1;1;1;2;1;2;1;1;1;1;1;6; ;3;6;13;1;3;5;9; ; ; ; ; ; ; ; ;16;2;1;2;1289.90201627248
479;2014;1;1;1;2;2;2;1;2;2;1;1;4; ;3;6;2;2;3;4;7;8;10;15; ; ; ; ; ;15;2;1;2;1289.90201627248
486;2014;1;2;1;2;2;2;1;2;2;1;1; ; ;2;3;6;3;7;9;10; ; ; ; ; ; ; ; ;15;2;1;2;1165.68922952032
487;2014;1;1;1;2;2;2;1;2;2;1;1;4;6;1;2;4;1;2;3;5;6;7;8;9;10; ; ; ;25;2;3;2;1299.39819401189
506;2014;1;1;1;2;2;2;1;1;1;1;1;8;6;1;2;6;2; ; ; ; ; ; ; ; ; ; ; ;17;2;1;2;1082.85691582178
511;2014;1;1;1;1;1;2;1;1;1;1;1;8; ;3; ; ;5; ; ; ; ; ; ; ; ; ; ; ;16;2;1;2;1107.19077909867
512;2014;1;1;1;2;1;2;1;1;1;1;1;8;4;2;6;1;3; ; ; ; ; ; ; ; ; ; ; ;18;2;1;2;1107.19077909867
514;2014;1;1;1;2;2;2;1;2;1;1;8; ; ;2;3; ;3; ; ; ; ; ; ; ; ; ; ; ;18;2;1;2;1107.19077909867
524;2014;1;2;1;2;2;2;1;1;2;1;8;6;1;1;2;12;3;4;5;7;8;10;11;12;14;15; ; ;19;2;1;2;936.853736160414
529;2014;2;1;1;1;2;2;1;2;1;1;1;4;6;3;4;6;2;3;4;5;7;8;10;11;14; ; ; ;16;2;1;2;857.768680510509
537;2014;1;2;1;2;1;2;1;1;2;1;1;8;4;2;1;6;3; ; ; ; ; ; ; ; ; ; ; ;18;2;1;2;1377.84627916506
551;2014;1;1;1;1;1;2;1;1;1;1;1;8; ;2;3;4;2;6;12;13; ; ; ; ; ; ; ; ;18;1;1;3;671.336974094055
553;2014;1;1;1;1;1;2;1;1;1;1;2; ; ;1;5; ;4;5;10; ; ; ; ; ; ; ; ; ;25;1;3;3;614.141651336235
555;2014;2;1;1;1;2;2;1;2;1;1;2; ; ;2;16; ;3; ; ; ; ; ; ; ; ; ; ; ;21;1;2;3;553.112419910887
556;2014;1;1;1;2;1;2;1;1;1;1;1; ; ;2; ; ;2;3;4;5;7; ; ; ; ; ; ; ;24;1;2;3;553.112419910887
557;2014;1;1;1;2;2;1;1;1;1;1;1; ; ;1;2;9;3;10; ; ; ; ; ; ; ; ; ; ;26;1;3;3;614.141651336235
561;2014;1;1;1;1;2;2;1;1;2;1;1; ; ;1;2;3;2;3;4;5;6;7;8;9;10; ; ; ;25;1;3;3;839.170653352565
562;2014;1;1;1;1;2;2;1;1;1;1;1; ; ;2;6;9;2;3;5; ; ; ; ; ; ; ; ; ;17;1;1;3;917.323040937678
569;2014;2;1;1;2;2;2;1;2;2;1;1;8; ;1;2;6;3;4;5;10; ; ; ; ; ; ; ; ;20;1;2;3;1372.22546924457
570;2014;1;2;2;2;2;1;2;2;2;1;3; ; ;99; ; ;7; ; ; ; ; ; ; ; ; ; ; ;28;1;3;3;1523.6338678189
572;2014;1;2;1;1;2;2;1;2;2;1;1; ; ;2;6; ;2;3; ; ; ; ; ; ; ; ; ; ;21;1;2;3;1013.33573113445
575;2014;2;1;1;2;2;2;1;2;1;1;1; ; ;1;2; ;2;3; ; ; ; ; ; ; ; ; ; ;27;1;3;3;1125.14501008165
576;2014;1;1;1;1;1;2;1;1;1;1;1; ; ;1;2;3;2;4;5;6;8;9; ; ; ; ; ; ;20;1;2;3;599.556974254549
577;2014;1;1;1;1;1;2;1;1;1;1;1; ; ;1;2;3;2;5;7; ; ; ; ; ; ; ; ; ;25;1;3;3;665.710797631644
581;2014;1;1;1;2;1;1;1;1;1;1;1; ; ;1;6;7;2;4;7;8;10;11; ; ; ; ; ; ;23;1;2;3;532.001258845586
582;2014;2;2;2;2;2;2;1;2;2;1;3; ; ;2; ; ;2;4; ; ; ; ; ; ; ; ; ; ;29;1;3;3;590.701130292867
587;2014;1;1;1;2;1;2;1;1;1;1;1;6; ;2;1;6;2;3;4;7; ; ; ; ; ; ; ; ;24;1;2;3;506.667865567224
588;2014;1;1;1;2;1;2;1;1;1;1;1; ; ;2;3; ;2;4;7; ; ; ; ; ; ; ; ; ;22;1;2;3;506.667865567224
600;2014;1;1;1;2;1;2;1;1;1;1;1;5;8;1;2;3;3;7;8;15; ; ; ; ; ; ; ; ;27;1;3;3;951.68515436073
604;2014;1;1;1;1;2;1;2;1;1;1;1; ; ;1;2;6;1;3;4;7;8;9;10;11; ; ; ; ;19;1;1;3;650.838135190419
605;2014;1;1;1;1;2;2;1;2;1;1;1;2; ;2;1;6;3;4;5;7;14; ; ; ; ; ; ; ;24;1;2;3;536.223491058646
606;2014;1;1;1;1;1;2;1;1;1;1;1;2;6;1;2;4;1;2;3;4;5;8;10;12; ; ; ; ;26;1;3;3;712.591839718379
610;2014;1;1;1;1;2;2;1;1;1;1;1;6; ;2;6; ;2;3;4;5;7;8;10; ; ; ; ; ;17;1;1;3;778.95587833814
611;2014;1;1;1;1;2;2;1;1;1;1;1; ; ;2;5;6;2;4;9;10; ; ; ; ; ; ; ; ;20;1;2;3;620.66813531985
615;2014;1;2;1;2;1;2;2;2;2;1;1; ; ;99; ; ;3;4;5;6;7;8;9;10; ; ; ; ;28;1;3;3;689.151318675012
616;2014;1;2;1;2;1;2;1;2;2;1;8; ; ;1;2;6;4;7;8;10; ; ; ; ; ; ; ; ;26;1;3;3;590.701130292867
617;2014;1;1;1;2;2;2;1;2;1;1;1;8; ;2;6; ;3;5;7;8; ; ; ; ; ; ; ; ;20;1;2;3;532.001258845586
624;2014;1;1;1;1;1;2;1;2;2;1;1;8;4;2;6;4;3;7;10; ; ; ; ; ; ; ; ; ;23;1;2;3;924.668854660185
625;2014;1;1;1;2;1;2;1;2;2;1;1;4;2;2;1;5;6;10; ; ; ; ; ; ; ; ; ; ;26;1;3;3;1026.69482169951
626;2014;2;2;2;2;2;2;2;2;2;1;3; ; ;1;2;7;4;5; ; ; ; ; ; ; ; ; ; ;28;1;3;3;788.051927401471
628;2014;2;2;2;2;2;2;1;2;2;1;8;3; ;2;8;6;7; ; ; ; ; ; ; ; ; ; ; ;20;1;2;3;709.740672419931
632;2014;1;1;1;1;2;2;1;1;1;1;8;1; ;2; ; ;2;3;4;5;7;14; ; ; ; ; ; ;23;1;2;3;674.635219805612
633;2014;1;2;1;2;2;2;1;2;2;1;8; ; ;2; ; ;2;3; ; ; ; ; ; ; ; ; ; ;22;1;2;3;674.635219805612
640;2014;2;2;2;2;2;1;2;2;2;1;3;4;5;2;6;1;3;5;6; ; ; ; ; ; ; ; ; ;27;1;3;3;1455.77764653304
643;2014;2;2;2;2;2;2;2;2;2;2; ; ; ; ; ; ; ; ; ; ; ; ; ; ; ; ; ; ;25;1;3;3;264.378711128235
644;2014;1;2;1;2;2;2;2;1;2;1;1; ; ;2;1;4;1;10; ; ; ; ; ; ; ; ; ; ;23;1;2;3;238.106548166686
646;2014;2;1;1;2;2;2;1;2;1;1;1;8; ;2;3; ;3;4; ; ; ; ; ; ; ; ; ; ;23;1;2;3;1007.37385762829
647;2014;2;2;2;2;2;2;1;2;2;1;3; ; ;2;3; ;3;4;7; ; ; ; ; ; ; ; ; ;27;1;3;3;1118.52531631176
656;2014;2;2;2;2;2;2;1;2;2;1;8; ; ;1;2;5;2;3;4;5;7;8;10;11;14;15; ; ;20;1;2;3;810.47805818276
657;2014;1;1;1;2;2;2;1;1;2;1;1; ; ;2;6;5;3;4;8;9;10;15; ; ; ; ; ; ;26;1;3;3;899.904459032647
666;2014;2;2;2;2;2;2;2;2;2;1;3;4; ;2;6;4;4;5;10; ; ; ; ; ; ; ; ; ;20;1;2;3;1169.1642044595
667;2014;2;2;2;2;2;2;1;2;2;1;8; ; ;2;1;5;2;3;4;5;15; ; ; ; ; ; ; ;27;1;3;3;1298.16726105275
670;2014;1;2;1;1;1;2;2;1;2;1;1; ; ;2; ; ;14; ; ; ; ; ; ; ; ; ; ; ;16;1;1;3;1419.06623497513
672;2014;2;1;1;1;1;2;1;2;2;1;1;3;4;2;4;6;4;10;11; ; ; ; ; ; ; ; ; ;17;1;1;3;935.546277627204
673;2014;1;2;1;1;2;2;1;2;2;1;1; ; ;1;13;7;10;11;14; ; ; ; ; ; ; ; ; ;19;1;1;3;935.546277627204
676;2014;2;2;1;1;2;2;1;2;2;1;8;5; ;2;1;17;3;6;7;8;9;10;14; ; ; ; ; ;21;1;2;3;1311.11233894348
681;2014;1;2;1;2;2;2;1;2;2;1;1; ; ;6;5;1;1;2;3;4;7; ; ; ; ; ; ; ;28;1;3;3;291.494476372157
686;2014;2;1;1;1;2;1;2;2;1;1;1; ; ;9;1;13;4;5; ; ; ; ; ; ; ; ; ; ;26;1;3;3;574.515276105588
687;2014;2;1;1;2;1;1;2;2;2;1;1; ; ;2;6;9;3;8; ; ; ; ; ; ; ; ; ; ;24;1;2;3;517.42384505453
688;2014;2;2;2;2;2;2;1;2;2;1;8; ; ;2;1; ;2;3;5;7;10;14; ; ; ; ; ; ;20;1;2;3;517.42384505453
689;2014;2;2;2;1;2;2;1;2;2;1;8; ; ;6;1;6;2;5;7;9;10; ; ; ; ; ; ; ;17;1;1;3;628.02017448638
691;2014;1;2;1;1;1;2;1;2;2;1;1;2;8;1;6;10;10;15; ; ; ; ; ; ; ; ; ; ;29;1;3;3;969.038201986657
694;2014;1;2;1;2;1;2;1;2;2;1;1;2;8;4;1;2;4;5;7;10;14; ; ; ; ; ; ; ;22;1;2;3;872.741758714373
696;2014;2;1;1;1;1;2;1;2;1;1;1;3;7;2;1;2;5;13;14; ; ; ; ; ; ; ; ; ;18;1;1;3;788.829419217323
698;2014;2;1;1;2;1;1;2;2;1;1;1;2; ;1;3; ;7;10; ; ; ; ; ; ; ; ; ; ;22;1;2;3;649.914075638363
700;2014;1;1;1;2;1;2;1;2;1;1;1;2;5;2;3;2;2;8;14; ; ; ; ; ; ; ; ; ;23;1;2;3;649.914075638363
702;2014;1;1;1;2;1;2;1;1;1;1;1;8; ;1;6;5;3;7; ; ; ; ; ; ; ; ; ; ;21;1;2;3;761.327917176368
705;2014;1;2;1;2;2;2;1;1;2;1;8; ; ;2;1;6;3;7; ; ; ; ; ; ; ; ; ; ;24;1;2;3;761.327917176368
707;2014;1;2;1;2;1;2;1;2;2;1;1;3;4;1;4;2;3;4;5;7;8;9;14; ; ; ; ; ;16;1;1;3;1171.97513712288
708;2014;2;1;1;2;2;2;2;2;2;1;1;4;3;2;13;1;1;6;12;14; ; ; ; ; ; ; ; ;24;1;2;3;965.58662666271
710;2014;1;2;1;2;2;2;1;2;2;1;1;4;8;2;6;13;4;12;13;14; ; ; ; ; ; ; ; ;27;1;3;3;1072.12737241077
712;2014;2;1;1;2;2;2;1;2;1;1;1;2; ;2;12;6;8;10; ; ; ; ; ; ; ; ; ; ;23;1;2;3;1049.14700781621
715;2014;2;1;1;1;1;2;1;2;1;1;8; ; ;22;6;8;4; ; ; ; ; ; ; ; ; ; ; ;25;1;3;3;1164.90762579247
717;2014;2;2;2;2;2;2;2;2;2;1;3; ; ;2;13;1;2;3;14; ; ; ; ; ; ; ; ; ;17;1;1;3;3194.75914783016
718;2014;2;2;2;2;2;2;1;2;2;1;3;8; ;2; ; ;2;10;14;15; ; ; ; ; ; ; ; ;20;1;2;3;2632.15200633537
719;2014;1;2;1;1;2;2;1;1;2;1;1; ; ;2;1; ;10;14;15; ; ; ; ; ; ; ; ; ;24;1;2;3;2632.15200633537
723;2014;1;2;1;2;2;2;1;1;2;1;8; ; ;2; ; ;3;5;8;9;14; ; ; ; ; ; ; ;20;1;2;3;454.953345560507
724;2014;1;1;1;2;1;2;1;2;2;1;8;1;2;2;9;5;2;3;4;5;10; ; ; ; ; ; ; ;22;1;2;3;454.953345560507
727;2014;1;2;1;2;1;1;2;1;2;1;1;6; ;2;6;13;2;3;9;14; ; ; ; ; ; ; ; ;25;1;3;3;573.415688929273
729;2014;1;1;1;1;2;2;1;2;1;1;8;1; ;2;17;3;2;3;8;10;14; ; ; ; ; ; ; ;26;1;3;3;573.415688929273
733;2014;2;2;2;2;2;2;1;2;2;1;9; ; ;1;3; ;1;7; ; ; ; ; ; ; ; ; ; ;18;1;1;3;265.6515153133
734;2014;1;1;1;2;2;2;1;1;1;1;1;6; ;1;2;3;2;3;5;7; ; ; ; ; ; ; ; ;25;1;3;3;243.019030070025
735;2014;2;2;2;2;2;2;1;2;2;1;9; ; ;2;3; ;3;7; ; ; ; ; ; ; ; ; ; ;22;1;2;3;218.869447323703
736;2014;2;2;2;2;2;2;1;2;2;1;8; ; ;2;1;4;2;3;4;5;6;7;10; ; ; ; ; ;29;1;3;3;477.846407441061
737;2014;1;1;1;1;1;2;1;1;1;1;1;8; ;2;1;5;3;4;5;7;8;10; ; ; ; ; ; ;22;1;2;3;430.361272827507
740;2014;1;1;1;1;1;2;1;1;1;1;1;8; ;2;1;5;2;3;5;7;8;9;10; ; ; ; ; ;20;1;2;3;430.361272827507
744;2014;1;1;2;1;1;2;1;1;1;2; ; ; ; ; ; ; ; ; ; ; ; ; ; ; ; ; ; ;26;1;3;3;565.224036230283
745;2014;2;1;1;2;1;2;1;2;1;1;1;2;8;1;14;4;2;6;10;12; ; ; ; ; ; ; ; ;29;1;3;3;565.224036230283
746;2014;1;2;1;1;1;2;1;1;2;1;1;8; ;1;2;4;3;4;5;7;10;14; ; ; ; ; ; ;23;1;2;3;607.424196505109
747;2014;2;1;1;2;1;2;1;2;1;1;8;2; ;1;6;4;4;7;8; ; ; ; ; ; ; ; ; ;25;1;3;3;674.446072216812
752;2014;1;1;1;2;2;2;1;1;2;1;1; ; ;1;2;3;2;3;4;5;6;7;8;9;10;14;15; ;20;1;2;3;474.627003746907
753;2014;1;1;1;2;2;2;1;1;1;1;1;2;8;1;2;5;2;3;4;5;6;7;8;9;10;14;15; ;26;1;3;3;526.996323634998
760;2014;1;1;1;2;2;1;2;1;1;1;1; ; ;1;2;4;2;3;4;5;6;7;8;9;10; ; ; ;25;1;3;3;335.857760658574
761;2014;1;2;1;2;2;2;1;2;2;1;1;2;8;1;2;4;3;4;5;6;7;8;9;10;12;13;14;15;20;1;2;3;422.983651007606
764;2014;1;1;1;2;2;1;2;2;2;1;1; ; ;1;2;3;2;3;4;5;7;8;9;10; ; ; ; ;19;1;1;3;513.393939706601
766;2014;2;2;2;2;2;2;1;2;2;1;8; ; ;1;2;4;3;4;5;10; ; ; ; ; ; ; ; ;20;1;2;3;482.004625566807
768;2014;1;2;1;2;2;2;1;1;2;1;8;1; ;4;2;14;3;5;10;14; ; ; ; ; ; ; ; ;26;1;3;3;535.187976333988
776;2014;1;1;1;2;2;2;1;1;1;1;8;2; ;2;6;5;2;4;5; ; ; ; ; ; ; ; ; ;18;1;1;3;456.681818459942
778;2014;1;1;1;1;2;2;1;2;1;1;8;1;3;17;2;5;2;3;5;7;10; ; ; ; ; ; ; ;21;1;2;3;376.258712814906
784;2014;1;1;1;2;1;2;1;1;1;1;1;5;8;2;3;4;2;3;4;5;8;9;10;14;15; ; ; ;24;1;2;3;287.727250976104
785;2014;2;2;2;2;2;2;2;2;2;2; ; ; ; ; ; ; ; ; ; ; ; ; ; ; ; ; ; ;29;1;3;3;319.474455260595
789;2014;1;1;1;2;1;2;1;1;1;1;1;2;8;1;3;6;2;3;4;5;8;9;10;14;15; ; ; ;29;1;3;3;521.535221835672
796;2014;2;2;1;2;2;2;2;2;2;1;1;8;3;1;2;4;4;5;7;8;10;14; ; ; ; ; ; ;22;1;2;3;978.764494773415
797;2014;2;1;1;2;1;2;1;2;1;1;1;8; ;1;2;3;3;5;10;14; ; ; ; ; ; ; ; ;17;1;1;3;1187.96969769318
552;2014;1;1;1;1;2;2;1;2;1;1;8; ; ;2;3;6;2;3;5;7;8; ; ; ; ; ; ; ;21;1;2;3;553.112419910887
554;2014;1;1;1;1;2;2;1;2;2;1;1; ; ;2;3;1;3;7;9; ; ; ; ; ; ; ; ; ;19;1;1;3;671.336974094055
566;2014;1;1;1;2;2;2;1;1;1;1;1; ; ;2;17; ;2;3;4;5;7;14; ; ; ; ; ; ;15;1;1;3;1665.53066092036
580;2014;1;1;1;2;2;2;1;1;1;1;1; ; ;1;2;3;2;6; ; ; ; ; ; ; ; ; ; ;17;1;1;3;727.708781079052
585;2014;2;1;1;2;1;2;1;2;2;1;1; ; ;2; ; ;2;3;4;6; ; ; ; ; ; ; ; ;17;1;1;3;645.713425464511
613;2014;1;1;1;2;1;2;1;1;1;1;1; ; ;1;2; ;2;3;4; ; ; ; ; ; ; ; ; ;16;1;1;3;753.332329708596
620;2014;1;1;1;2;2;2;1;2;1;1;1; ; ;2; ; ;3;5;6;7; ; ; ; ; ; ; ; ;15;1;1;3;645.713425464511
622;2014;1;1;1;1;1;2;1;1;1;1;1;4;5;2;1;6;5;9;10; ; ; ; ; ; ; ; ; ;17;1;1;3;1122.31142997403
623;2014;1;2;1;1;1;2;1;1;2;1;1;4;8;6;1;2;3;5;9; ; ; ; ; ; ; ; ; ;15;1;1;3;1122.31142997403
648;2014;2;1;2;2;2;2;1;2;2;1;8;6; ;2; ; ;2;7; ; ; ; ; ; ; ; ; ; ;15;1;1;3;1222.69414501773
658;2014;1;1;1;2;2;2;2;2;1;1;5; ; ;2; ; ;7;10; ; ; ; ; ; ; ; ; ; ;16;1;1;3;983.713016673357
662;2014;1;1;1;1;2;2;1;1;1;1;1;8; ;1;6; ;4;5;7;9;14; ; ; ; ; ; ; ;15;1;1;3;1096.71959674318
682;2014;1;1;1;1;2;2;1;1;2;1;1;6; ;2;1;6;2;5;7;9;10; ; ; ; ; ; ; ;15;1;1;3;318.641504459166
683;2014;1;1;1;1;2;2;1;1;1;1;1;6; ;2;3;4;3;7;9; ; ; ; ; ; ; ; ; ;17;1;1;3;318.641504459166
695;2014;2;1;1;2;2;2;2;2;2;1;1; ; ;8;1;7;10; ; ; ; ; ; ; ; ; ; ; ;17;1;1;3;1059.28522009183
711;2014;2;1;1;1;2;2;1;2;1;1;1;6; ;2;3;1;3;7;10; ; ; ; ; ; ; ; ; ;15;1;1;3;1273.39606245082
725;2014;1;2;1;1;1;2;1;1;2;1;8;1;4;1;2;3;3;4;5;6;7;10; ; ; ; ; ; ;15;1;1;3;552.196970033263
728;2014;1;1;1;1;1;2;1;2;2;1;8;1; ;3;17;2;2;3;5;7;14; ; ; ; ; ; ; ;17;1;1;3;626.81818219992
749;2014;2;1;1;2;2;2;1;2;1;1;1;8; ;1;2;4;3;4;7;8;14; ; ; ; ; ; ; ;16;1;1;3;737.257576206573
755;2014;1;1;1;2;2;1;2;2;1;1;1; ; ;1;4;5;2;4;5;7;8;9;10;11; ; ; ; ;16;1;1;3;576.075757926593
777;2014;1;1;1;1;1;2;1;1;1;1;8;1; ;2;5;6;3;4;5;7; ; ; ; ; ; ; ; ;17;1;1;3;456.681818459942
781;2014;1;1;1;1;1;2;1;1;1;1;1;4;8;2;3;1;1;2;3;4;5;7;8;9;10;12;14;15;18;1;1;3;349.227272939955
790;2014;2;1;1;2;1;2;1;2;1;1;1; ; ;2;1;6;2;3;4;7;9;10;11; ; ; ; ; ;17;1;1;3;570.106060953261
793;2014;1;1;1;1;2;2;1;1;1;1;6; ; ;2;4; ;3; ; ; ; ; ; ; ; ; ; ; ;18;1;1;3;503.693182124936
559;2014;1;1;1;1;1;2;1;1;1;1;1;6; ;1;2;3;1;2;3;4;5;7;10;14; ; ; ; ;25;2;3;3;509.053103657906
567;2014;1;1;1;1;1;2;1;1;1;1;1; ; ;2;9;13;2;3;4;5;7;10;14; ; ; ; ; ;24;2;2;3;1406.5079594767
568;2014;1;1;1;2;1;2;1;1;1;1;1;8; ;2;3; ;2;3; ; ; ; ; ; ; ; ; ; ;19;2;1;3;1273.30341591936
571;2014;1;1;1;1;1;2;1;1;1;1;1; ; ;2;3; ;2;5; ; ; ; ; ; ; ; ; ; ;23;2;2;3;1038.65203161356
573;2014;2;2;2;2;1;2;2;2;2;1;3; ; ;2; ; ;3; ; ; ; ; ; ; ; ; ; ; ;25;2;3;3;932.616373113721
583;2014;1;1;1;1;2;2;1;1;1;1;1;2; ;2;3;5;1;2;3;4;5;6;7; ; ; ; ; ;19;2;1;3;493.649939710277
584;2014;1;1;1;2;1;2;1;1;1;1;1; ; ;2;3;4;1;2;3; ; ; ; ; ; ; ; ; ;22;2;2;3;545.292316597119
589;2014;1;2;1;2;1;1;2;1;2;1;1; ; ;99; ; ;2;5; ; ; ; ; ; ; ; ; ; ;25;2;3;3;466.308186556861
591;2014;1;2;1;2;1;1;2;1;2;1;1; ; ;2;19;5;3;4;10; ; ; ; ; ; ; ; ; ;19;2;1;3;587.678499655091
592;2014;1;2;1;2;2;2;1;2;2;1;8;1; ;2;4;6;3;4;7;10;11; ; ; ; ; ; ; ;23;2;2;3;649.157519758475
593;2014;1;1;1;1;2;2;1;1;2;1;1;2;8;1;2;5;3;4;6;7; ; ; ; ; ; ; ; ;25;2;3;3;582.885233196076
594;2014;2;1;1;1;2;2;2;2;2;2; ; ; ; ; ; ; ; ; ; ; ; ; ; ; ; ; ; ;29;2;3;3;582.885233196076
596;2014;2;1;1;1;2;2;1;2;1;1;1;4;5;2;1;6;3;8;15; ; ; ; ; ; ; ; ; ;22;2;2;3;878.526510073136
599;2014;2;1;1;2;1;2;1;2;1;1;1;8; ;6;5;1;3;5;7; ; ; ; ; ; ; ; ; ;26;2;3;3;788.838015592023
601;2014;1;2;1;2;1;2;1;2;2;1;8;1; ;2;5;1;3;5;6;8;10;14; ; ; ; ; ; ;23;2;2;3;549.620033395509
602;2014;1;2;1;2;2;2;1;2;2;1;8;1; ;2;1;14;3;7;10;14; ; ; ; ; ; ; ; ;25;2;3;3;493.509497439344
603;2014;1;1;1;2;2;2;1;2;1;1;1;8; ;2;1;5;2;3;7;10; ; ; ; ; ; ; ; ;24;2;2;3;549.620033395509
607;2014;1;1;1;2;1;2;1;1;1;1;1; ; ;1;2;6;1;3;5;7;8;10;14; ; ; ; ; ;24;2;2;3;657.812953355254
609;2014;2;2;2;2;2;1;2;2;2;1;3; ; ;99; ; ;11; ; ; ; ; ; ; ; ; ; ; ;25;2;3;3;590.657036305357
612;2014;1;1;1;1;1;2;1;1;1;1;1; ; ;1;2;3;1;2;3;4;5;7;8;9;10;12;13;14;29;2;3;3;571.227528532154
619;2014;2;1;1;1;1;2;1;2;1;1;1; ; ;6; ; ;8; ; ; ; ; ; ; ; ; ; ; ;22;2;2;3;545.292316597119
629;2014;1;2;1;2;2;2;1;2;2;1;1;2;8;2;1;7;1;3;4;10; ; ; ; ; ; ; ; ;25;2;3;3;653.204808067453
630;2014;2;2;2;2;2;2;2;2;2;2; ; ; ; ; ; ; ; ; ; ; ; ; ; ; ; ; ; ;23;2;2;3;727.472217428329
631;2014;2;2;2;2;2;2;1;2;2;1;3;8; ;1;2;6;2;3;10; ; ; ; ; ; ; ; ; ;29;2;3;3;620.895753044762
634;2014;2;2;2;2;2;2;1;2;2;1;8; ; ;2; ; ;2;3;9;10; ; ; ; ; ; ; ; ;21;2;2;3;691.489720652304
635;2014;2;1;2;2;2;1;2;2;2;1;6; ; ;99; ; ;10; ; ; ; ; ; ; ; ; ; ; ;25;2;3;3;620.895753044762
636;2014;2;2;2;2;2;2;1;2;2;1;8; ; ;3;2;1;2;3;7;10; ; ; ; ; ; ; ; ;21;2;2;3;1343.86803176545
637;2014;1;1;1;1;2;2;1;2;1;1;1;8; ;1;2; ;2;4;5;7;8;9; ; ; ; ; ; ;20;2;2;3;1343.86803176545
639;2014;1;1;1;1;1;2;1;1;1;1;1;4;8;2;1;6;3;5;7;10;14; ; ; ; ; ; ; ;17;2;1;3;1216.59585632806
642;2014;1;2;1;2;2;2;1;1;2;1;1; ; ;2;1;7;2;3;7;14; ; ; ; ; ; ; ; ;20;2;2;3;244.055195524343
645;2014;2;2;2;2;2;2;1;2;2;1;2;3;8;2;1;13;1;7; ; ; ; ; ; ; ; ; ; ;22;2;2;3;244.055195524343
649;2014;2;2;2;2;2;2;2;2;2;1;3; ; ;99; ; ;10;11; ; ; ; ; ; ; ; ; ; ;15;2;1;3;934.753510100721
652;2014;1;2;1;1;2;1;2;1;2;1;1; ; ;1;2;5;10; ; ; ; ; ; ; ; ; ; ; ;27;2;3;3;255.662957136078
654;2014;1;1;1;1;1;2;1;1;1;1;1;8;5;3;2;1;2;5;7;8;10;14; ; ; ; ; ; ;19;2;1;3;257.765361876259
655;2014;2;2;2;2;1;1;2;2;2;1;3;4; ;1;2; ;3;10; ; ; ; ; ; ; ; ; ; ;24;2;2;3;284.731061445066
659;2014;2;2;2;2;2;2;1;2;2;1;8; ; ;2;13;1;2;4;10;15; ; ; ; ; ; ; ; ;29;2;3;3;745.917748567349
660;2014;1;2;2;2;2;2;2;1;2;1;9; ; ;2;5; ;4;10; ; ; ; ; ; ; ; ; ; ;21;2;2;3;830.726338611705
661;2014;1;1;1;2;2;2;1;1;1;1;1;8; ;1;2;3;2;3;4;5;7;8;14; ; ; ; ; ;19;2;1;3;838.445572696404
663;2014;2;1;1;2;1;2;1;2;1;1;1;2;8;2;1;6;2;3;4;5;8;14; ; ; ; ; ; ;25;2;3;3;831.606981453617
664;2014;2;2;1;2;2;2;1;2;2;1;8; ; ;6;9;1;2;3;4;5;7;8;10;14; ; ; ; ;21;2;2;3;926.158177887249
668;2014;2;1;1;2;2;2;1;2;1;1;8; ; ;1;2;5;2;3;4;10;14; ; ; ; ; ; ; ;26;2;3;3;1076.03200640789
669;2014;2;2;2;2;2;2;2;2;2;1;5; ; ;3;13; ;2;4;6;7;14; ; ; ; ; ; ; ;21;2;2;3;1198.37358827979
671;2014;2;1;2;2;2;2;1;2;2;1;3; ; ;2;6;4;1;7;10;14; ; ; ; ; ; ; ; ;18;2;1;3;715.228064546764
674;2014;2;2;2;2;2;2;1;2;2;1;2;8; ;2;6;13;99; ; ; ; ; ; ; ; ; ; ; ;26;2;3;3;709.394468976481
675;2014;1;2;1;2;2;2;1;2;2;1;1; ; ;2;5;3;4;5;7;10;11;14; ; ; ; ; ; ;17;2;1;3;715.228064546764
677;2014;1;1;1;1;2;1;2;1;2;1;1; ; ;5;1;2;2;3;4;10;14; ; ; ; ; ; ; ;27;2;3;3;1206.67296802138
678;2014;1;2;1;1;1;2;1;1;2;1;8; ; ;2;1;5;2;5;7; ; ; ; ; ; ; ; ; ;22;2;2;3;1343.86803176545
684;2014;1;1;1;1;2;2;1;1;1;1;1;2; ;1;2;4;4;5;8; ; ; ; ; ; ; ; ; ;21;2;2;3;269.086497629403
685;2014;1;2;1;1;2;2;1;2;2;1;1;8;5;1;2;6;5;7;8;9;10; ; ; ; ; ; ; ;19;2;1;3;243.602429905036
690;2014;2;1;2;2;2;2;1;2;2;1;8; ; ;1;9;2;2;9;14; ; ; ; ; ; ; ; ; ;20;2;2;3;530.350713350976
693;2014;2;2;2;2;2;2;1;2;2;1;4;3;3;2;4;13;2;10;14; ; ; ; ; ; ; ; ; ;21;2;2;3;894.545581401593
697;2014;1;1;1;2;1;2;1;1;1;1;1;2;6;1;6;2;2;3;4;6; ; ; ; ; ; ; ; ;26;2;3;3;598.143822856067
699;2014;2;1;2;2;2;2;1;2;1;1;3;8; ;2;4;2;3;5;10; ; ; ; ; ; ; ; ; ;28;2;3;3;598.143822856067
703;2014;1;1;1;2;2;2;1;1;1;1;2;1;8;1;2;3;2;3;6;7; ; ; ; ; ; ; ; ;23;2;2;3;780.34827313756
704;2014;1;1;1;2;2;2;1;1;2;1;8;1; ;2;1;2;2;4;10; ; ; ; ; ; ; ; ; ;27;2;3;3;700.682763917107
706;2014;1;2;1;2;1;2;1;2;2;1;1;8; ;2;1;4;4;8;11;14; ; ; ; ; ; ; ; ;20;2;2;3;989.710004954954
709;2014;2;2;2;2;2;2;2;2;2;2; ; ; ; ; ; ; ; ; ; ; ; ; ; ; ; ; ; ;19;2;1;3;895.978669432901
716;2014;2;2;2;2;2;2;2;2;2;2; ; ; ; ; ; ; ; ; ; ; ; ; ; ; ; ; ; ;27;2;3;3;2422.48248256707
720;2014;2;2;2;2;2;2;1;2;2;1;8; ; ;2; ; ;2;3;10; ; ; ; ; ; ; ; ; ;19;2;1;3;2442.40339215603
721;2014;2;1;1;1;1;2;1;2;1;1;1;8; ;3;2;5;2;3;10;11; ; ; ; ; ; ; ; ;19;2;1;3;422.156316122778
722;2014;1;1;1;2;2;2;1;1;2;1;8;1; ;1;15; ;5;9;10; ; ; ; ; ; ; ; ; ;22;2;2;3;466.319505112872
726;2014;2;1;1;2;2;2;1;2;1;1;1;2;8;2;1;4;3;4;7;10;14; ; ; ; ; ; ; ;20;2;2;3;529.335654452449
732;2014;1;1;1;2;2;2;1;1;1;1;1; ; ;1;2;3;2;3;5;6; ; ; ; ; ; ; ; ;20;2;2;3;224.337491648895
738;2014;1;1;1;1;1;2;1;1;1;1;8;2;1;2;4;1;3;4;5;7;8;10;11; ; ; ; ; ;18;2;1;3;399.337055791817
739;2014;1;1;1;2;1;2;1;1;1;1;1;8;2;1;2;5;3;4;5;6;7;8;9;10; ; ; ; ;24;2;2;3;441.113045377041
741;2014;1;1;1;2;1;2;1;1;1;1;1;2; ;2;1;2;4;8; ; ; ; ; ; ; ; ; ; ;27;2;3;3;468.506002286346
742;2014;1;2;1;2;1;1;2;1;2;1;1;2; ;1;2;4;2;7;10; ; ; ; ; ; ; ; ; ;24;2;2;3;521.7737165317
743;2014;1;2;1;2;1;2;1;1;2;1;1;3; ;1;2;3;2;4;10;14; ; ; ; ; ; ; ; ;20;2;2;3;521.7737165317
748;2014;1;1;1;1;1;2;1;1;1;1;1;6;8;2;1;4;2;5;8;14; ; ; ; ; ; ; ; ;19;2;1;3;563.635730174736
750;2014;1;1;1;2;1;2;1;1;1;1;1;8; ;1;2;6;4;5;14; ; ; ; ; ; ; ; ; ;27;2;3;3;559.038563114626
751;2014;1;2;1;2;2;1;2;1;2;1;1; ; ;1;2;5;2;3;4;5;6;7;8;9;10; ; ; ;23;2;2;3;486.484672901536
754;2014;1;1;1;2;2;2;1;1;1;1;1;2;8;1;2;5;2;4;5;7;8;9;10;15; ; ; ; ;29;2;3;3;436.819605996449
757;2014;2;1;1;2;2;1;1;2;2;1;1;2; ;1;2;5;2;3;4;5;7;8;9;10;14;15; ; ;22;2;2;3;310.03945475072
759;2014;1;1;1;2;2;2;1;2;1;1;1;8;6;1;2;3;2;4;5;6;7;8;9;10;11;14; ; ;18;2;1;3;280.67690207082
762;2014;2;2;2;2;2;2;1;2;2;1;8; ; ;1;2;6;2;4;5;7;8;9;10; ; ; ; ; ;27;2;3;3;389.290011561602
763;2014;1;1;1;2;2;2;1;2;2;1;1; ; ;1;2;5;2;3;4;5;7;8;9;10;14; ; ; ;29;2;3;3;389.290011561602
767;2014;1;1;1;1;2;1;2;2;2;1;1; ; ;1;7;6;5;8;10; ; ; ; ; ; ; ; ; ;27;2;3;3;443.60954805857
769;2014;1;1;1;2;2;2;1;1;1;1;1;8; ;2;9;5;3;5;10; ; ; ; ; ; ; ; ; ;28;2;3;3;443.60954805857
780;2014;1;1;1;2;2;2;1;2;2;1;8;1; ;2;5; ;3;5;7; ; ; ; ; ; ; ; ; ;20;2;2;3;385.658833958213
782;2014;1;1;1;2;1;2;1;1;1;1;1;2;5;1;4;6;2;3;4;5;6;7;8;9;10;12;13;14;29;2;3;3;264.807740422718
783;2014;1;1;1;1;2;1;1;1;2;1;1;8; ;1;2;3;2;3;4;5;6;7;9; ; ; ; ; ;19;2;1;3;266.985345872243
786;2014;1;1;1;2;2;2;1;1;1;1;1;8; ;1;2;4;3;4;10;14;15; ; ; ; ; ; ; ;26;2;3;3;432.292977955035
787;2014;2;2;2;2;2;2;2;2;2;2; ; ; ; ; ; ; ; ; ; ; ; ; ; ; ; ; ; ;29;2;3;3;432.292977955035
792;2014;1;1;1;1;2;2;1;1;1;1;1;8; ;17; ; ;3;10; ; ; ; ; ; ; ; ; ; ;18;2;1;3;385.075018084966
798;2014;2;1;1;2;1;2;1;2;1;1;1;8; ;1;2;3;4;5;7;8;9;10;11;14; ; ; ; ;17;2;1;3;908.206561172246
799;2014;2;1;1;2;1;2;1;2;1;1;1;6;8;1;2;3;3;4;5;7;10;13;14; ; ; ; ; ;26;2;3;3;900.798980241381
800;2014;1;1;1;1;1;2;1;2;2;1;1;8;2;2;3;4;3;4;5;7;10;13; ; ; ; ; ; ;22;2;2;3;1003.21709748607
558;2014;1;1;1;1;1;2;1;1;1;1;1;6; ;1;2;3;1;2;3;4;5;6;7;11; ; ; ; ;15;2;1;3;513.239223032113
560;2014;1;1;1;2;1;2;1;1;2;1;1; ; ;1;2;3;2;3;4; ; ; ; ; ; ; ; ; ;17;2;1;3;513.239223032113
563;2014;1;1;1;2;2;2;1;1;1;1;1; ; ;2;3;9;1;2;3;4;10; ; ; ; ; ; ; ;27;2;3;3;695.576378280651
564;2014;2;1;1;2;2;1;2;2;1;1;1; ; ;2;6;1;2;3;5;7; ; ; ; ; ; ; ; ;22;2;2;3;774.66130691178
565;2014;1;1;1;2;1;2;1;1;1;1;1; ; ;2;3; ;3;4;5; ; ; ; ; ; ; ; ; ;17;2;1;3;701.296342921742
574;2014;1;1;1;2;2;2;1;2;1;1;1; ; ;1;2; ;3;10; ; ; ; ; ; ; ; ; ; ;19;2;1;3;940.285599448145
578;2014;1;1;1;1;1;2;1;1;1;1;1; ; ;2;3;6;2;4;5; ; ; ; ; ; ; ; ; ;20;2;2;3;614.535785371356
579;2014;1;1;1;2;2;2;1;2;2;1;1;6; ;1;2;3;2;7; ; ; ; ; ; ; ; ; ; ;19;2;1;3;556.335646340153
586;2014;2;2;2;2;2;2;1;2;2;1;3;5; ;2;3; ;1;2;3; ; ; ; ; ; ; ; ; ;18;2;1;3;470.142799724073
590;2014;1;2;1;2;2;2;1;2;2;1;1; ; ;2;3; ;2;3;4; ; ; ; ; ; ; ; ; ;20;2;2;3;519.32601580678
595;2014;1;1;1;1;2;2;2;2;2;1;1; ; ;3;2;5;3;4; ; ; ; ; ; ; ; ; ; ;18;2;1;3;587.678499655091
597;2014;1;2;1;1;1;2;1;1;2;1;1;4;8;2;1;6;7;10;13; ; ; ; ; ; ; ; ; ;16;2;1;3;795.324902866557
598;2014;1;1;1;2;2;2;1;1;1;1;1;8; ;2; ; ;3;5;10; ; ; ; ; ; ; ; ; ;20;2;2;3;878.526510073136
608;2014;1;1;1;1;1;2;1;1;1;1;1;6; ;1;2;6;3;4;5;7;8;9;10; ; ; ; ; ;18;2;1;3;595.514212983826
614;2014;1;1;1;1;1;2;1;1;1;1;1;6; ;2;3; ;3;5; ; ; ; ; ; ; ; ; ; ;18;2;1;3;575.924929661989
618;2014;1;1;1;2;1;2;1;1;1;1;8; ; ;6; ; ;7;8; ; ; ; ; ; ; ; ; ; ;15;2;1;3;493.649939710277
621;2014;1;1;1;2;1;2;1;1;1;1;1;8;3;2;1;6;3;7;11; ; ; ; ; ; ; ; ; ;15;2;1;3;858.010609496433
627;2014;1;2;1;2;2;2;1;2;2;1;1;6;8;2;1;3;10;11;13;14; ; ; ; ; ; ; ; ;17;2;1;3;658.576336661871
638;2014;2;2;2;1;2;2;1;2;2;1;4;5;6;2;3;2;3;5;7; ; ; ; ; ; ; ; ; ;15;2;1;3;1216.59585632806
641;2014;1;2;1;2;2;2;2;1;2;1;1;3; ;1;2;3;4;5;10; ; ; ; ; ; ; ; ; ;19;2;1;3;220.941738751079
650;2014;2;2;2;2;2;1;2;2;2;2; ; ; ; ; ; ; ; ; ; ; ; ; ; ; ; ; ; ;28;2;3;3;927.129404998965
651;2014;1;1;1;1;2;2;1;2;1;1;1;4;5;1;2;3;1;2;3;4;5;7;8;11; ; ; ; ;17;2;1;3;257.765361876259
653;2014;1;1;1;1;1;2;1;2;1;1;1;8;4;2;1;3;2;3;5;7;9;10;14; ; ; ; ; ;15;2;1;3;257.765361876259
665;2014;1;1;1;1;2;2;1;2;1;1;1;8; ;2;11;1;2;3;5;7;8;9;10;11;14; ; ; ;16;2;1;3;838.445572696404
679;2014;2;1;1;2;2;2;1;2;1;1;1;8; ;3;2;6;2;3;4;7;14; ; ; ; ; ; ; ;16;2;1;3;1216.59585632806
680;2014;1;1;1;2;2;2;2;2;1;1;1;8; ;2;3;4;1;2;4;5;6;7;8;9;10;14; ; ;20;2;2;3;1343.86803176545
692;2014;2;2;2;2;2;2;2;2;2;2; ; ; ; ; ; ; ; ; ; ; ; ; ; ; ; ; ; ;27;2;3;3;803.221704978147
701;2014;1;1;1;2;1;2;1;2;2;1;8;1; ;2;3; ;2;3;5;10;14; ; ; ; ; ; ; ;15;2;1;3;706.444720129787
713;2014;2;1;1;2;2;2;1;2;1;1;1; ; ;2;3; ;3;4;5;7;10;11; ; ; ; ; ; ;16;2;1;3;973.515285056902
714;2014;2;1;1;2;2;1;2;2;2;1;1; ; ;6;2;14;3;8; ; ; ; ; ; ; ; ; ; ;22;2;2;3;1075.35798615298
730;2014;2;1;1;2;1;2;1;2;1;1;1;6;8;1;2;3;2;3;4;5;10;14; ; ; ; ; ; ;19;2;1;3;479.20446695018
731;2014;1;1;1;1;2;2;1;1;1;1;1;6; ;2;3; ;2;3;7; ; ; ; ; ; ; ; ; ;17;2;1;3;203.091416945553
756;2014;1;1;1;2;2;2;1;1;1;1;1;6;8;1;2;5;2;3;4;5;7;8;9;10;11;12;14;15;18;2;1;3;280.67690207082
758;2014;1;2;1;2;2;2;1;1;2;1;1; ; ;1;5;2;4;7;10;15; ; ; ; ; ; ; ; ;24;2;2;3;310.03945475072
765;2014;2;1;1;2;2;2;1;2;1;1;1; ; ;1;2;4;2;3;4;6;7;8;9;10;11; ; ; ;15;2;1;3;392.491277692529
770;2014;2;1;1;1;1;2;1;2;2;1;1;8; ;2;5;1;3;4;5;10; ; ; ; ; ; ; ; ;15;2;1;3;447.257502486835
779;2014;1;1;1;1;2;2;1;1;1;1;1;8; ;2;5;6;3;4;5;7; ; ; ; ; ; ; ; ;18;2;1;3;349.134683063703
788;2014;1;2;1;1;1;2;1;1;2;1;1;8; ;1;2;3;2;3;4;5;8;9;14; ; ; ; ; ;20;2;2;3;481.44338095437
794;2014;1;1;1;1;1;2;1;1;1;1;6; ; ;99; ; ;2;4;5; ; ; ; ; ; ; ; ; ;17;2;1;3;385.075018084966
795;2014;1;2;1;2;1;2;1;1;2;1;1;8;4;2;1;6;3; ; ; ; ; ; ; ; ; ; ; ;16;2;1;3;385.075018084966
